item,category
infertile,W
egotistic,W
tartness,W
adaptable,W
whisperer,W
tattooist,W
cubical,W
tearful,W
reliant,W
fatally,W
defiant,W
sourness,W
disembark,W
impolite,W
woefully,W
etiquette,W
hedgehog,W
fumigate,W
avalanche,W
chameleon,W
boomerang,W
frisbee,W
satchel,W
whither,W
savanna,W
giraffe,W
scrabble,W
blaspheme,W
trombone,W
gargoyle,W
shears,W
combs,W
shyly,W
surfer,W
orally,W
oxen,W
idly,W
pods,W
sows,W
mugs,W
unzip,W
inhale,W
mended,W
mixer,W
lamer,W
jersey,W
sword,W
phone,W
camera,W
strong,W
dare,W
rain,W
tank,W
iron,W
bear,W
radio,W
cherry,W
guitar,W
large,W
truck,W
establish,W
shoulder,W
straight,W
satellite,W
character,W
immediate,W
gravity,W
village,W
natural,W
despite,W
kitchen,W
sandwich,W
architect,W
gorgeous,W
calendar,W
peddle,W
hoist,W
acorn,W
ramble,W
mingle,W
quiver,W
ajar,W
balk,W
lore,W
rake,W
heft,W
scour,W
trifle,W
broom,W
leery,W
beautiful,W
northern,W
pictures,W
seriously,W
disappear,W
receiving,W
genetic,W
officer,W
illegal,W
coastal,W
farmers,W
mentally,W
criminals,W
disagree,W
clinical,W
hearts,W
daily,W
actor,W
writes,W
across,W
trains,W
worn,W
user,W
unit,W
easy,W
lets,W
stars,W
deaths,W
boats,W
lived,W
disinherit,W
invigorate,W
scepticism,W
vengefully,W
allurement,W
translator,W
impossible,W
disclosure,W
theatrical,W
vertically,W
understand,W
experience,W
discipline,W
phenomenon,W
restaurant,W
chinchilla,W
shenanigan,W
leprechaun,W
hieroglyph,W
palindrome,W
nonsory,P
remoral,P
tensory,P
fatcher,P
watally,P
unkinter,P
dishaven,P
trustler,P
sprindly,P
impolder,P
procreach,P
rederlity,P
distfully,P
reodeness,P
immerlize,P
forizon,P
gentass,P
amalanx,P
iridict,P
brinbow,P
freasite,P
garadign,P
conflite,P
hospency,P
currease,P
insterday,P
chamerane,P
artillise,P
surricane,P
boomelege,P
duid,P
foab,P
alab,P
hyma,P
daip,P
abosh,P
lirce,P
bryst,P
clect,P
drall,P
rearce,P
japhen,P
wrivol,P
courch,P
puivon,P
hexy,P
juns,P
nory,P
rewn,P
onts,P
entew,P
lauly,P
betor,P
plars,P
damer,P
flants,P
icones,P
encask,P
misbar,P
counds,P
submingers,P
chriniable,P
alassfully,P
digrersher,P
phounching,P
thildhoust,P
gormassime,P
tescoucous,P
driternoon,P
noocantong,P
