Pseudoword,Word,Lemma,prs,n_morphemes,Length
tlébucha,trébucha,trébucher,"(0, 1, 0)",1,8
accidemt,accident,accident,"(0, 1, 0)",1,8
absuldes,absurdes,absurde,"(0, 1, 0)",1,8
absowdre,absoudre,absoudre,"(0, 1, 0)",1,8
absimthe,absinthe,absinthe,"(0, 1, 0)",1,8
abdomeng,abdomen,abdomen,"(0, 1, 0)",1,8
abangdon,abandon,abandon,"(0, 1, 0)",1,8
leporter,reporter,reporter,"(0, 1, 0)",1,8
mangager,manager,manager,"(0, 1, 0)",1,8
plouesse,prouesse,prouesse,"(0, 1, 0)",1,8
plothèse,prothèse,prothèse,"(0, 1, 0)",1,8
plotéine,protéine,protéine,"(0, 1, 0)",1,8
plostate,prostate,prostate,"(0, 1, 0)",1,8
plophète,prophète,prophète,"(0, 1, 0)",1,8
plomesse,promesse,promesse,"(0, 1, 0)",1,8
raignure,rainure,rainure,"(0, 1, 0)",1,8
tigntait,tintait,tinter,"(0, 1, 0)",1,8
telrasse,terrasse,terrasse,"(0, 1, 0)",1,8
tartigne,tartine,tartine,"(0, 1, 0)",1,8
tangibre,tangible,tangible,"(0, 1, 0)",1,8
arouette,alouette,alouette,"(0, 1, 0)",1,8
alnanach,almanach,almanach,"(0, 1, 0)",1,8
arlusion,allusion,allusion,"(0, 1, 0)",1,8
allemamd,allemand,allemand,"(0, 1, 0)",1,8
arléluia,alléluia,alléluia,"(0, 1, 0)",1,8
albatlos,albatros,albatros,"(0, 1, 0)",1,8
aisserle,aisselle,aisselle,"(0, 1, 0)",1,8
airerles,airelles,airelles,"(0, 1, 0)",1,8
affleuse,affreuse,affreux,"(0, 1, 0)",1,8
aclobate,acrobate,acrobate,"(0, 1, 0)",1,8
acquielt,acquiert,acquérir,"(0, 1, 0)",1,8
ysurpées,usurpées,usurper,"(0, 1, 0)",1,8
lôdaient,rôdaient,rôder,"(0, 1, 0)",1,8
rétribyé,rétribué,rétribuer,"(0, 1, 0)",1,8
altifice,artifice,artifice,"(0, 1, 0)",1,8
alrières,arrières,arrière,"(0, 1, 0)",1,8
argnoire,armoire,armoire,"(0, 1, 0)",1,8
alctique,arctique,arctique,"(0, 1, 0)",1,8
archiper,archipel,archipel,"(0, 1, 0)",1,8
arbarète,arbalète,arbalète,"(0, 1, 0)",1,8
appareir,appareil,appareil,"(0, 1, 0)",1,8
aporlons,apollons,apollons,"(0, 1, 0)",1,8
apélitif,apéritif,apéritif,"(0, 1, 0)",1,8
swccomba,succomba,succomber,"(0, 1, 0)",1,8
submelge,submerge,submerger,"(0, 1, 0)",1,8
sybjugue,subjugue,subjuguer,"(0, 1, 0)",1,8
stignule,stimule,stimuler,"(0, 1, 0)",1,8
spécyler,spéculer,spéculer,"(0, 1, 0)",1,8
auléoles,auréoles,auréole,"(0, 1, 0)",1,8
attribyt,attribut,attribut,"(0, 1, 0)",1,8
attormey,attorney,attorney,"(0, 1, 0)",1,8
attitwde,attitude,attitude,"(0, 1, 0)",1,8
assassim,assassin,assassin,"(0, 1, 0)",1,8
aspiline,aspirine,aspirine,"(0, 1, 0)",1,8
sidéramt,sidérant,sidérer,"(0, 1, 0)",1,8
séclétez,sécrétez,sécréter,"(0, 1, 0)",1,8
scamdait,scandait,scander,"(0, 1, 0)",1,8
rytilait,rutilait,rutiler,"(0, 1, 0)",1,8
luminait,ruminait,ruminer,"(0, 1, 0)",1,8
lugiront,rugiront,rugiront,"(0, 1, 0)",1,8
royspéta,rouspéta,rouspéter,"(0, 1, 0)",1,8
rowpille,roupille,roupiller,"(0, 1, 0)",1,8
rouaiemt,rouaient,rouer,"(0, 1, 0)",1,8
ronfrait,ronflait,ronfler,"(0, 1, 0)",1,8
barbaqye,barbaque,barbaque,"(0, 1, 0)",1,8
baratign,baratin,baratin,"(0, 1, 0)",1,8
bagnquet,banquet,banquet,"(0, 1, 0)",1,8
bamnière,bannière,bannière,"(0, 1, 0)",1,8
banrieue,banlieue,banlieue,"(0, 1, 0)",1,8
barlasts,ballasts,ballasts,"(0, 1, 0)",1,8
baraises,balaises,balaises,"(0, 1, 0)",1,8
balafles,balafres,balafre,"(0, 1, 0)",1,8
bagyette,baguette,baguette,"(0, 1, 0)",1,8
bactélie,bactérie,bactérie,"(0, 1, 0)",1,8
babouign,babouin,babouin,"(0, 1, 0)",1,8
babiores,babioles,babioles,"(0, 1, 0)",1,8
auvelgne,auvergne,auvergne,"(0, 1, 0)",1,8
aytruche,autruche,autruche,"(0, 1, 0)",1,8
aytopsie,autopsie,autopsie,"(0, 1, 0)",1,8
automgne,automne,automne,"(0, 1, 0)",1,8
restânes,restâmes,restâmes,"(0, 1, 0)",1,8
résignga,résigna,résigner,"(0, 1, 0)",1,8
lésidait,résidait,résider,"(0, 1, 0)",1,8
répugnga,répugna,répugner,"(0, 1, 0)",1,8
lépudiée,répudiée,répudier,"(0, 1, 0)",1,8
bistouli,bistouri,bistouri,"(0, 1, 0)",1,8
bigoydis,bigoudis,bigoudis,"(0, 1, 0)",1,8
biberots,bibelots,bibelots,"(0, 1, 0)",1,8
béquirle,béquille,béquille,"(0, 1, 0)",1,8
bégnigne,bénigne,bénin,"(0, 1, 0)",1,8
bémévole,bénévole,bénévole,"(0, 1, 0)",1,8
bégomias,bégonias,bégonias,"(0, 1, 0)",1,8
béchamer,béchamel,béchamel,"(0, 1, 0)",1,8
bastirle,bastille,bastille,"(0, 1, 0)",1,8
basartes,basaltes,basaltes,"(0, 1, 0)",1,8
balbecue,barbecue,barbecue,"(0, 1, 0)",1,8
lécupéra,récupéra,récupérer,"(0, 1, 0)",1,8
lecouvré,recouvré,recouvrer,"(0, 1, 0)",1,8
lécidive,récidive,récidiv,"(0, 1, 0)",1,8
lechaper,rechaper,rechaper,"(0, 1, 0)",1,8
recérant,recélant,receler,"(0, 1, 0)",1,8
boussore,boussole,boussole,"(0, 1, 0)",1,8
bourdong,bourdon,bourdon,"(0, 1, 0)",1,8
boyleaux,bouleaux,bouleaux,"(0, 1, 0)",1,8
boucrier,bouclier,bouclier,"(0, 1, 0)",1,8
bognheur,bonheur,bonheur,"(0, 1, 0)",1,8
bizgness,bizness,bizness,"(0, 1, 0)",1,8
létorqua,rétorqua,rétorquer,"(0, 1, 0)",1,8
retengti,retenti,retentir,"(0, 1, 0)",1,8
lésumait,résumait,résumer,"(0, 1, 0)",1,8
lestauré,restauré,restaurer,"(0, 1, 0)",1,8
lestaura,restaura,restaura,"(0, 1, 0)",1,8
plotesta,protesta,protester,"(0, 1, 0)",1,8
plospère,prospère,prospère,"(0, 1, 0)",1,8
cadastle,cadastre,cadastre,"(0, 1, 0)",1,8
bungarow,bungalow,bungalow,"(0, 1, 0)",1,8
brysques,brusques,brusque,"(0, 1, 0)",1,8
broyhaha,brouhaha,brouhaha,"(0, 1, 0)",1,8
blouette,brouette,brouette,"(0, 1, 0)",1,8
breterle,bretelle,bretelle,"(0, 1, 0)",1,8
bramcard,brancard,brancard,"(0, 1, 0)",1,8
bowtique,boutique,boutique,"(0, 1, 0)",1,8
leproche,reproche,reproche,"(0, 1, 0)",1,8
léplique,réplique,réplique,"(0, 1, 0)",1,8
lépartie,répartie,répartir,"(0, 1, 0)",1,8
léparait,réparait,réparer,"(0, 1, 0)",1,8
réfréchi,réfléchi,réfléchir,"(0, 1, 0)",1,8
lécusais,récusais,récuser,"(0, 1, 0)",1,8
camérias,camélias,camélias,"(0, 1, 0)",1,8
camalade,camarade,camarade,"(0, 1, 0)",1,8
carvitie,calvitie,calvitie,"(0, 1, 0)",1,8
calvaile,calvaire,calvaire,"(0, 1, 0)",1,8
calolies,calories,calories,"(0, 1, 0)",1,8
caleping,calepin,calepin,"(0, 1, 0)",1,8
caleçong,caleçon,caleçon,"(0, 1, 0)",1,8
caramité,calamité,calamité,"(0, 1, 0)",1,8
cadegnas,cadenas,cadenas,"(0, 1, 0)",1,8
latatiné,ratatiné,ratatiner,"(0, 1, 0)",1,8
lataient,rataient,rater,"(0, 1, 0)",1,8
lassasié,rassasié,rassasier,"(0, 1, 0)",1,8
ladotait,radotait,radoter,"(0, 1, 0)",1,8
labâcher,rabâcher,rabâcher,"(0, 1, 0)",1,8
qyerelle,querelle,querelle,"(0, 1, 0)",1,8
provoqwa,provoqua,provoquer,"(0, 1, 0)",1,8
prodwira,produira,produire,"(0, 1, 0)",1,8
plodigué,prodigué,prodiguer,"(0, 1, 0)",1,8
plodigue,prodigue,prodigue,"(0, 1, 0)",1,8
pliorité,priorité,priorité,"(0, 1, 0)",1,8
plimitif,primitif,primitif,"(0, 1, 0)",1,8
plétexte,prétexte,prétexte,"(0, 1, 0)",1,8
prêtengt,prêtent,prêtent,"(0, 1, 0)",1,8
prêtangt,prêtant,prêtant,"(0, 1, 0)",1,8
cangtine,cantine,cantine,"(0, 1, 0)",1,8
cannerle,cannelle,cannelle,"(0, 1, 0)",1,8
camicule,canicule,canicule,"(0, 1, 0)",1,8
cagnevas,canevas,canevas,"(0, 1, 0)",1,8
camaille,canaille,canaille,"(0, 1, 0)",1,8
camisore,camisole,camisole,"(0, 1, 0)",1,8
camerote,camelote,camelote,"(0, 1, 0)",1,8
cagnelot,camelot,camelot,"(0, 1, 0)",1,8
piongcez,pioncez,pioncer,"(0, 1, 0)",1,8
picorais,picolais,picoler,"(0, 1, 0)",1,8
pétalade,pétarade,pétarader,"(0, 1, 0)",1,8
pelturbe,perturbe,perturber,"(0, 1, 0)",1,8
calnaval,carnaval,carnaval,"(0, 1, 0)",1,8
carengce,carence,carence,"(0, 1, 0)",1,8
caldinal,cardinal,cardinal,"(0, 1, 0)",1,8
caldigan,cardigan,cardigan,"(0, 1, 0)",1,8
calcasse,carcasse,carcasse,"(0, 1, 0)",1,8
carbonge,carbone,carbone,"(0, 1, 0)",1,8
calavane,caravane,caravane,"(0, 1, 0)",1,8
calapace,carapace,carapace,"(0, 1, 0)",1,8
carangel,caramel,caramel,"(0, 1, 0)",1,8
capitare,capitale,capitale,"(0, 1, 0)",1,8
propursé,propulsé,propulser,"(0, 1, 0)",1,8
plononça,prononça,prononcer,"(0, 1, 0)",1,8
parliera,palliera,pallier,"(0, 1, 0)",1,8
olganisa,organisa,organiser,"(0, 1, 0)",1,8
offengse,offense,offense,"(0, 1, 0)",1,8
obtiengs,obtiens,obtiens,"(0, 1, 0)",1,8
pélorait,pérorait,pérorer,"(0, 1, 0)",1,8
pégnétra,pénétra,pénétrer,"(0, 1, 0)",1,8
passibre,passible,passible,"(0, 1, 0)",1,8
cautiong,caution,caution,"(0, 1, 0)",1,8
casernge,caserne,caserne,"(0, 1, 0)",1,8
cartabre,cartable,cartable,"(0, 1, 0)",1,8
calrière,carrière,carrière,"(0, 1, 0)",1,8
calpette,carpette,carpette,"(0, 1, 0)",1,8
plêchait,prêchait,prêcher,"(0, 1, 0)",1,8
pratiqye,pratique,pratique,"(0, 1, 0)",1,8
poyvoirs,pouvoirs,pouvoirs,"(0, 1, 0)",1,8
poltrait,portrait,portrait,"(0, 1, 0)",1,8
obtegnez,obtenez,obtenez,"(0, 1, 0)",1,8
obstimai,obstinai,obstiner,"(0, 1, 0)",1,8
obnwbilé,obnubilé,obnubiler,"(0, 1, 0)",1,8
gnéglige,néglige,négliger,"(0, 1, 0)",1,8
nargyait,narguait,narguer,"(0, 1, 0)",1,8
chagnson,chanson,chanson,"(0, 1, 0)",1,8
chandair,chandail,chandail,"(0, 1, 0)",1,8
changois,chamois,chamois,"(0, 1, 0)",1,8
chambles,chambres,chambre,"(0, 1, 0)",1,8
chagnade,chamade,chamade,"(0, 1, 0)",1,8
chaloype,chaloupe,chaloupe,"(0, 1, 0)",1,8
chagring,chagrin,chagrin,"(0, 1, 0)",1,8
celfeuil,cerfeuil,cerfeuil,"(0, 1, 0)",1,8
céléales,céréales,céréales,"(0, 1, 0)",1,8
cercyeil,cercueil,cercueil,"(0, 1, 0)",1,8
palasite,parasite,parasite,"(0, 1, 0)",1,8
gnaniait,maniait,manier,"(0, 1, 0)",1,8
gnuscade,muscade,muscade,"(0, 1, 0)",1,8
melisier,merisier,merisier,"(0, 1, 0)",1,8
nercerie,mercerie,mercerie,"(0, 1, 0)",1,8
méngages,ménages,ménage,"(0, 1, 0)",1,8
gnéfiais,méfiais,méfier,"(0, 1, 0)",1,8
matlaque,matraque,matraque,"(0, 1, 0)",1,8
chegnise,chemise,chemise,"(0, 1, 0)",1,8
charbogn,charbon,charbon,"(0, 1, 0)",1,8
chalades,charades,charade,"(0, 1, 0)",1,8
chalabia,charabia,charabia,"(0, 1, 0)",1,8
chapelon,chaperon,chaperon,"(0, 1, 0)",1,8
chaperle,chapelle,chapelle,"(0, 1, 0)",1,8
chamtier,chantier,chantier,"(0, 1, 0)",1,8
obtengus,obtenus,obtenus,"(0, 1, 0)",1,8
obtegnir,obtenir,obtenir,"(0, 1, 0)",1,8
lublique,lubrique,lubrique,"(0, 1, 0)",1,8
lorgmait,lorgnait,lorgner,"(0, 1, 0)",1,8
riturgie,liturgie,liturgie,"(0, 1, 0)",1,8
reucémie,leucémie,leucémie,"(0, 1, 0)",1,8
lagnguir,languir,languir,"(0, 1, 0)",1,8
julaient,juraient,jurer,"(0, 1, 0)",1,8
citergne,citerne,citerne,"(0, 1, 0)",1,8
cigognge,cigogne,cigogne,"(0, 1, 0)",1,8
choychou,chouchou,chouchou,"(0, 1, 0)",1,8
chocorat,chocolat,chocolat,"(0, 1, 0)",1,8
chiggnon,chignon,chignon,"(0, 1, 0)",1,8
chicolée,chicorée,chicorée,"(0, 1, 0)",1,8
chevirle,cheville,cheville,"(0, 1, 0)",1,8
masculim,masculin,masculin,"(0, 1, 0)",1,8
narmotte,marmotte,marmotte,"(0, 1, 0)",1,8
manipure,manipule,manipuler,"(0, 1, 0)",1,8
jowxtait,jouxtait,jouxter,"(0, 1, 0)",1,8
jacquald,jacquard,jacquard,"(0, 1, 0)",1,8
invétélé,invétéré,invétéré,"(0, 1, 0)",1,8
ignvesti,investi,investir,"(0, 1, 0)",1,8
ingventa,inventa,inventer,"(0, 1, 0)",1,8
intligue,intrigue,intrigue,"(0, 1, 0)",1,8
igntenté,intenté,intenter,"(0, 1, 0)",1,8
coliqyes,coliques,coliques,"(0, 1, 0)",1,8
cocolico,cocorico,cocorico,"(0, 1, 0)",1,8
cocktair,cocktail,cocktail,"(0, 1, 0)",1,8
clopolte,cloporte,cloporte,"(0, 1, 0)",1,8
critoris,clitoris,clitoris,"(0, 1, 0)",1,8
clémengt,clément,clément,"(0, 1, 0)",1,8
cravecin,clavecin,clavecin,"(0, 1, 0)",1,8
rudiques,ludiques,ludique,"(0, 1, 0)",1,8
lycratif,lucratif,lucratif,"(0, 1, 0)",1,8
instarla,installa,installer,"(0, 1, 0)",1,8
imspecta,inspecta,inspecter,"(0, 1, 0)",1,8
insorent,insolent,insolent,"(0, 1, 0)",1,8
ingsinua,insinua,insinuer,"(0, 1, 0)",1,8
inocurée,inoculée,inoculer,"(0, 1, 0)",1,8
ignjecte,injecte,injecter,"(0, 1, 0)",1,8
ingélées,ingérées,ingérer,"(0, 1, 0)",1,8
ignforma,informa,informer,"(0, 1, 0)",1,8
inflyait,influait,influer,"(0, 1, 0)",1,8
congmode,commode,commode,"(0, 1, 0)",1,8
cognmère,commère,commère,"(0, 1, 0)",1,8
congédie,comédie,comédie,"(0, 1, 0)",1,8
coronies,colonies,colonies,"(0, 1, 0)",1,8
colloqye,colloque,colloque,"(0, 1, 0)",1,8
collègye,collègue,collègue,"(0, 1, 0)",1,8
jubirait,jubilait,jubiler,"(0, 1, 0)",1,8
ingmolée,immolée,immoler,"(0, 1, 0)",1,8
imaginga,imagina,imaginer,"(0, 1, 0)",1,8
hystélie,hystérie,hystérie,"(0, 1, 0)",1,8
hungecta,humecta,humecter,"(0, 1, 0)",1,8
hélitait,héritait,hériter,"(0, 1, 0)",1,8
imdigent,indigent,indigent,"(0, 1, 0)",1,8
ingcisée,incisée,inciser,"(0, 1, 0)",1,8
imcendie,incendie,incendie,"(0, 1, 0)",1,8
inaugulé,inauguré,inaugurer,"(0, 1, 0)",1,8
comduite,conduite,conduire,"(0, 1, 0)",1,8
concoyrs,concours,concours,"(0, 1, 0)",1,8
cogncave,concave,concave,"(0, 1, 0)",1,8
complend,comprend,comprendre,"(0, 1, 0)",1,8
cognplet,complet,complet,"(0, 1, 0)",1,8
insurine,insuline,insuline,"(0, 1, 0)",1,8
instaulé,instauré,instaurer,"(0, 1, 0)",1,8
fwsaient,fusaient,fuser,"(0, 1, 0)",1,8
frireuse,frileuse,frileux,"(0, 1, 0)",1,8
comtiguë,contiguë,contigu,"(0, 1, 0)",1,8
comtexte,contexte,contexte,"(0, 1, 0)",1,8
comtents,contents,content,"(0, 1, 0)",1,8
cognstat,constat,constater,"(0, 1, 0)",1,8
comstant,constant,constant,"(0, 1, 0)",1,8
conqyête,conquête,conquérir/te,"(0, 1, 0)",1,8
cognnaît,connaît,connaître,"(0, 1, 0)",1,8
conggrès,congrès,congrès,"(0, 1, 0)",1,8
conggère,congère,congère,"(0, 1, 0)",1,8
cognfins,confins,confins,"(0, 1, 0)",1,8
haretait,haletait,haleter,"(0, 1, 0)",1,8
habitwde,habitude,habitude,"(0, 1, 0)",1,8
grommera,grommela,grommeler,"(0, 1, 0)",1,8
gringait,grimait,grimait,"(0, 1, 0)",1,8
fowrrure,fourrure,fourrure,"(0, 1, 0)",1,8
foyaille,fouaille,fouaille,"(0, 1, 0)",1,8
forngule,formule,formule,"(0, 1, 0)",1,8
fragellé,flagellé,flageller,"(0, 1, 0)",1,8
fignance,finance,finance,"(0, 1, 0)",1,8
féricita,félicita,féliciter,"(0, 1, 0)",1,8
feigndra,feindra,feindra,"(0, 1, 0)",1,8
cotirlon,cotillon,cotillon,"(0, 1, 0)",1,8
colvette,corvette,corvette,"(0, 1, 0)",1,8
colsaire,corsaire,corsaire,"(0, 1, 0)",1,8
colridor,corridor,corridor,"(0, 1, 0)",1,8
cormiche,corniche,corniche,"(0, 1, 0)",1,8
colniaud,corniaud,corniaud,"(0, 1, 0)",1,8
gomimées,gominées,gominées,"(0, 1, 0)",1,8
geigngit,geignit,geignit,"(0, 1, 0)",1,8
gaspirle,gaspille,gaspiller,"(0, 1, 0)",1,8
expliqwa,expliqua,expliquer,"(0, 1, 0)",1,8
éventuer,éventuel,éventuel,"(0, 1, 0)",1,8
évangoui,évanoui,évanouir,"(0, 1, 0)",1,8
ewphorie,euphorie,euphorie,"(0, 1, 0)",1,8
crégneau,créneau,créneau,"(0, 1, 0)",1,8
clécelle,crécelle,crécelle,"(0, 1, 0)",1,8
clampons,crampons,crampons,"(0, 1, 0)",1,8
couvelte,couverte,couvrir,"(0, 1, 0)",1,8
cowvents,couvents,couvent,"(0, 1, 0)",1,8
coytures,coutures,couture,"(0, 1, 0)",1,8
cowscous,couscous,couscous,"(0, 1, 0)",1,8
coulroux,courroux,courroux,"(0, 1, 0)",1,8
coulroie,courroie,courroie,"(0, 1, 0)",1,8
coypable,coupable,coupable,"(0, 1, 0)",1,8
fredomna,fredonna,fredonna,"(0, 1, 0)",1,8
frangchi,franchi,franchir,"(0, 1, 0)",1,8
escraffa,esclaffa,esclaffer,"(0, 1, 0)",1,8
escanoté,escamoté,escamoter,"(0, 1, 0)",1,8
escarade,escalade,escalade,"(0, 1, 0)",1,8
délulées,délurées,délurées,"(0, 1, 0)",1,8
défengse,défense,défense,"(0, 1, 0)",1,8
décenbre,décembre,décembre,"(0, 1, 0)",1,8
déboiles,déboires,déboires,"(0, 1, 0)",1,8
cwlindre,cylindre,cylindre,"(0, 1, 0)",1,8
cyclonge,cyclone,cyclone,"(0, 1, 0)",1,8
cyrieuse,curieuse,curieux,"(0, 1, 0)",1,8
cluelles,cruelles,cruel,"(0, 1, 0)",1,8
clucifix,crucifix,crucifix,"(0, 1, 0)",1,8
croypier,croupier,croupier,"(0, 1, 0)",1,8
criqyets,criquets,criquets,"(0, 1, 0)",1,8
clevette,crevette,crevette,"(0, 1, 0)",1,8
exurtons,exultons,exultons,"(0, 1, 0)",1,8
engrouti,englouti,engloutir,"(0, 1, 0)",1,8
diangant,diamant,diamant,"(0, 1, 0)",1,8
diadènge,diadème,diadème,"(0, 1, 0)",1,8
devagnts,devants,devant,"(0, 1, 0)",1,8
détritws,détritus,détritus,"(0, 1, 0)",1,8
détlesse,détresse,détresse,"(0, 1, 0)",1,8
desselte,desserte,desserte,"(0, 1, 0)",1,8
desseign,dessein,dessein,"(0, 1, 0)",1,8
désastle,désastre,désastre,"(0, 1, 0)",1,8
désalroi,désarroi,désarroi,"(0, 1, 0)",1,8
denterle,dentelle,dentelle,"(0, 1, 0)",1,8
étramgla,étrangla,étrangler,"(0, 1, 0)",1,8
ételnuer,éternuer,éternuer,"(0, 1, 0)",1,8
étagnche,étanche,étanche,"(0, 1, 0)",1,8
estlopié,estropié,estropier,"(0, 1, 0)",1,8
esqyisse,esquisse,esquisse,"(0, 1, 0)",1,8
embysqué,embusqué,embusquer,"(0, 1, 0)",1,8
embawche,embauche,embaucher,"(0, 1, 0)",1,8
embalras,embarras,embarras,"(0, 1, 0)",1,8
embaldée,embardée,embarder,"(0, 1, 0)",1,8
élaboler,élaborer,élaborer,"(0, 1, 0)",1,8
égosirle,égosille,égosiller,"(0, 1, 0)",1,8
égairlés,égaillés,égaillés,"(0, 1, 0)",1,8
distangt,distant,distant,"(0, 1, 0)",1,8
discowrs,discours,discours,"(0, 1, 0)",1,8
discipre,disciple,disciple,"(0, 1, 0)",1,8
digngues,dingues,dingue,"(0, 1, 0)",1,8
épangdre,épandre,épandre,"(0, 1, 0)",1,8
engverra,enverra,envoyer,"(0, 1, 0)",1,8
emtraîna,entraîna,entraîner,"(0, 1, 0)",1,8
enseveri,enseveli,ensevelir,"(0, 1, 0)",1,8
egnquête,enquête,enquête,"(0, 1, 0)",1,8
dognpter,dompter,dompter,"(0, 1, 0)",1,8
diveltir,divertir,divertir,"(0, 1, 0)",1,8
divagamt,divagant,divaguer,"(0, 1, 0)",1,8
échafayd,échafaud,échafaud,"(0, 1, 0)",1,8
écarrate,écarlate,écarlate,"(0, 1, 0)",1,8
ébayches,ébauches,ébauche,"(0, 1, 0)",1,8
douirlet,douillet,douillet,"(0, 1, 0)",1,8
dognmage,dommage,dommage,"(0, 1, 0)",1,8
domicire,domicile,domicile,"(0, 1, 0)",1,8
dongaine,domaine,domaine,"(0, 1, 0)",1,8
doctline,doctrine,doctrine,"(0, 1, 0)",1,8
distlict,district,district,"(0, 1, 0)",1,8
engpiète,empiète,empiéter,"(0, 1, 0)",1,8
engpêcha,empêcha,empêcher,"(0, 1, 0)",1,8
emparait,empalait,empaler,"(0, 1, 0)",1,8
émelgées,émergées,emerger,"(0, 1, 0)",1,8
désorait,désolait,désoler,"(0, 1, 0)",1,8
désignga,désigna,désigner,"(0, 1, 0)",1,8
enpreint,empreint,empreindre,"(0, 1, 0)",1,8
émignent,éminent,éminent,"(0, 1, 0)",1,8
engbruns,embruns,embruns,"(0, 1, 0)",1,8
engblème,emblème,emblème,"(0, 1, 0)",1,8
embalgos,embargos,embargos,"(0, 1, 0)",1,8
élémegnt,élément,élément,"(0, 1, 0)",1,8
effruves,effluves,effluves,"(0, 1, 0)",1,8
écyreuil,écureuil,écureuil,"(0, 1, 0)",1,8
effomdra,effondra,effondrer,"(0, 1, 0)",1,8
effleula,effleura,effleurer,"(0, 1, 0)",1,8
effectwa,effectua,effectuer,"(0, 1, 0)",1,8
dragyait,draguait,draguer,"(0, 1, 0)",1,8
dorrotez,dorlotez,dorlotez,"(0, 1, 0)",1,8
dolloter,dorloter,dorloter,"(0, 1, 0)",1,8
déguelpi,déguerpi,déguerpir,"(0, 1, 0)",1,8
déglwtir,déglutir,déglutir,"(0, 1, 0)",1,8
équimoxe,équinoxe,équinoxe,"(0, 1, 0)",1,8
éqwateur,équateur,équateur,"(0, 1, 0)",1,8
épinalds,épinards,épinards,"(0, 1, 0)",1,8
éphémèle,éphémère,éphémère,"(0, 1, 0)",1,8
épelvier,épervier,épervier,"(0, 1, 0)",1,8
envilons,environs,environ,"(0, 1, 0)",1,8
emceinte,enceinte,enceinte,"(0, 1, 0)",1,8
dispelsa,dispersa,disperser,"(0, 1, 0)",1,8
disroqué,disloqué,disloquer,"(0, 1, 0)",1,8
diratait,dilatait,dilater,"(0, 1, 0)",1,8
diffélât,différât,différât,"(0, 1, 0)",1,8
dialrhée,diarrhée,diarrhée,"(0, 1, 0)",1,8
détluira,détruira,détruire,"(0, 1, 0)",1,8
détarent,détalent,détaler,"(0, 1, 0)",1,8
cuilasse,cuirasse,cuirasse,"(0, 1, 0)",1,8
estafiel,estafier,estafier,"(0, 1, 0)",1,8
essengce,essence,essence,"(0, 1, 0)",1,8
espiègre,espiègle,espiègle,"(0, 1, 0)",1,8
espadong,espadon,espadon,"(0, 1, 0)",1,8
escoyade,escouade,escouade,"(0, 1, 0)",1,8
escalgot,escargot,escargot,"(0, 1, 0)",1,8
escarier,escalier,escalier,"(0, 1, 0)",1,8
escabeay,escabeau,escabeau,"(0, 1, 0)",1,8
delechef,derechef,derechef,"(0, 1, 0)",1,8
déprigne,déprime,déprimer,"(0, 1, 0)",1,8
déplavée,dépravée,dépraver,"(0, 1, 0)",1,8
dépengse,dépense,dépense,"(0, 1, 0)",1,8
déngange,démange,démanger,"(0, 1, 0)",1,8
degnande,demande,demande,"(0, 1, 0)",1,8
dérayant,délayant,délayer,"(0, 1, 0)",1,8
coulrier,courrier,courrier,"(0, 1, 0)",1,8
couromne,couronne,couronne,"(0, 1, 0)",1,8
courisse,coulisse,coulisse,"(0, 1, 0)",1,8
convursa,convulsa,convulser,"(0, 1, 0)",1,8
comverti,converti,convertir,"(0, 1, 0)",1,8
extermes,externes,externe,"(0, 1, 0)",1,8
exproits,exploits,exploit,"(0, 1, 0)",1,8
évangire,évangile,évangile,"(0, 1, 0)",1,8
étragnge,étrange,étrange,"(0, 1, 0)",1,8
étangpes,étampes,étampes,"(0, 1, 0)",1,8
estuaile,estuaire,estuaire,"(0, 1, 0)",1,8
décergne,décerne,décerner,"(0, 1, 0)",1,8
débrawez,débrayez,débrayer,"(0, 1, 0)",1,8
débawche,débauche,débauche,"(0, 1, 0)",1,8
débalras,débarras,débarras,"(0, 1, 0)",1,8
damgnait,damnait,damner,"(0, 1, 0)",1,8
comsulta,consulta,consulter,"(0, 1, 0)",1,8
congsole,console,console,"(0, 1, 0)",1,8
comserve,conserve,conserve,"(0, 1, 0)",1,8
cognjure,conjure,conjurer,"(0, 1, 0)",1,8
fegnêtre,fenêtre,fenêtre,"(0, 1, 0)",1,8
fayteuil,fauteuil,fauteuil,"(0, 1, 0)",1,8
faucirle,faucille,faucille,"(0, 1, 0)",1,8
farowche,farouche,farouche,"(0, 1, 0)",1,8
fangtôme,fantôme,fantôme,"(0, 1, 0)",1,8
fagnfare,fanfare,fanfare,"(0, 1, 0)",1,8
faisceay,faisceau,faisceau,"(0, 1, 0)",1,8
faïengce,faïence,faïence,"(0, 1, 0)",1,8
factioms,factions,faction,"(0, 1, 0)",1,8
croqyais,croquais,croquer,"(0, 1, 0)",1,8
critiqwe,critique,critique,"(0, 1, 0)",1,8
clavache,cravache,cravache,"(0, 1, 0)",1,8
comprexe,complexe,complexe,"(0, 1, 0)",1,8
commelce,commerce,commerce,"(0, 1, 0)",1,8
flénésie,frénésie,frénésie,"(0, 1, 0)",1,8
fragmemt,fragment,fragment,"(0, 1, 0)",1,8
foulches,fourches,fourche,"(0, 1, 0)",1,8
foygères,fougères,fougères,"(0, 1, 0)",1,8
fowfoune,foufoune,foufoune,"(0, 1, 0)",1,8
forgnica,formica,formica,"(0, 1, 0)",1,8
folfaits,forfaits,forfait,"(0, 1, 0)",1,8
footbarl,football,football,"(0, 1, 0)",1,8
fomtaine,fontaine,fontaine,"(0, 1, 0)",1,8
folklole,folklore,folklore,"(0, 1, 0)",1,8
fribuste,flibuste,flibuste,"(0, 1, 0)",1,8
franelle,flanelle,flanelle,"(0, 1, 0)",1,8
framants,flamants,flamants,"(0, 1, 0)",1,8
consymai,consumai,consumer,"(0, 1, 0)",1,8
corlecte,collecte,collecter,"(0, 1, 0)",1,8
coggnait,cognait,cogner,"(0, 1, 0)",1,8
crochard,clochard,clochard,"(0, 1, 0)",1,8
cibourot,ciboulot,ciboulot,"(0, 1, 0)",1,8
chychota,chuchota,chuchoter,"(0, 1, 0)",1,8
gangstel,gangster,gangster,"(0, 1, 0)",1,8
gairlard,gaillard,gaillard,"(0, 1, 0)",1,8
frysques,frusques,frusques,"(0, 1, 0)",1,8
frongent,froment,froment,"(0, 1, 0)",1,8
frognage,fromage,fromage,"(0, 1, 0)",1,8
frissogn,frisson,frisson,"(0, 1, 0)",1,8
flisquet,frisquet,frisquet,"(0, 1, 0)",1,8
fringare,fringale,fringale,"(0, 1, 0)",1,8
fréqwent,fréquent,fréquent,"(0, 1, 0)",1,8
comfirma,confirma,confirmer,"(0, 1, 0)",1,8
concolde,concorde,concorde,"(0, 1, 0)",1,8
chawssée,chaussée,chaussée,"(0, 1, 0)",1,8
chalnier,charnier,charnier,"(0, 1, 0)",1,8
chapitle,chapitre,chapitre,"(0, 1, 0)",1,8
chaperet,chapelet,chapelet,"(0, 1, 0)",1,8
chamalré,chamarré,chamarrer,"(0, 1, 0)",1,8
graucome,glaucome,glaucome,"(0, 1, 0)",1,8
graïeuls,glaïeuls,glaïeuls,"(0, 1, 0)",1,8
géngisse,génisse,génisse,"(0, 1, 0)",1,8
genièvle,genièvre,genièvre,"(0, 1, 0)",1,8
gendalme,gendarme,gendarme,"(0, 1, 0)",1,8
gegncive,gencive,gencive,"(0, 1, 0)",1,8
garrigye,garrigue,garrigue,"(0, 1, 0)",1,8
conmande,commande,commande,"(0, 1, 0)",1,8
combingé,combiné,combiner,"(0, 1, 0)",1,8
congbien,combien,combien,"(0, 1, 0)",1,8
coltinel,coltiner,coltiner,"(0, 1, 0)",1,8
canouflé,camouflé,camoufler,"(0, 1, 0)",1,8
calcaile,calcaire,calcaire,"(0, 1, 0)",1,8
brognche,bronche,bronche,"(0, 1, 0)",1,8
bloieras,broieras,broyer,"(0, 1, 0)",1,8
blocante,brocante,brocante,"(0, 1, 0)",1,8
brangche,branche,branche,"(0, 1, 0)",1,8
gliottes,griottes,griottes,"(0, 1, 0)",1,8
glaffiti,graffiti,graffiti,"(0, 1, 0)",1,8
gourding,gourdin,gourdin,"(0, 1, 0)",1,8
goudrogn,goudron,goudron,"(0, 1, 0)",1,8
gowaille,gouaille,gouaille,"(0, 1, 0)",1,8
gomdoles,gondoles,gondole,"(0, 1, 0)",1,8
godirlot,godillot,godillot,"(0, 1, 0)",1,8
chingait,chinait,chiner,"(0, 1, 0)",1,8
chiffogn,chiffon,chiffon,"(0, 1, 0)",1,8
chiarait,chialait,chialer,"(0, 1, 0)",1,8
bousirle,bousille,bousiller,"(0, 1, 0)",1,8
boyscula,bouscula,bousculer,"(0, 1, 0)",1,8
bordeayx,bordeaux,bordeaux,"(0, 1, 0)",1,8
blailait,blairait,blairait,"(0, 1, 0)",1,8
biglewse,bigleuse,bigleux,"(0, 1, 0)",1,8
bifyrque,bifurque,bifurquer,"(0, 1, 0)",1,8
berngait,bernait,berner,"(0, 1, 0)",1,8
beaycoup,beaucoup,beaucoup,"(0, 1, 0)",1,8
battelie,batterie,batterie,"(0, 1, 0)",1,8
hartères,haltères,haltères,"(0, 1, 0)",1,8
guérirla,guérilla,guérilla,"(0, 1, 0)",1,8
guéridom,guéridon,guéridon,"(0, 1, 0)",1,8
guenirle,guenille,guenille,"(0, 1, 0)",1,8
gloupies,groupies,groupies,"(0, 1, 0)",1,8
cengsure,censure,censure,"(0, 1, 0)",1,8
calrosse,carrosse,carrosse,"(0, 1, 0)",1,8
arngaque,arnaque,arnaque,"(0, 1, 0)",1,8
alchives,archives,archives,"(0, 1, 0)",1,8
hongmage,hommage,hommage,"(0, 1, 0)",1,8
histoile,histoire,histoire,"(0, 1, 0)",1,8
higndous,hindous,hindou,"(0, 1, 0)",1,8
hibiscys,hibiscus,hibiscus,"(0, 1, 0)",1,8
heuleuse,heureuse,heureux,"(0, 1, 0)",1,8
hectales,hectares,hectares,"(0, 1, 0)",1,8
hameçogn,hameçon,hameçon,"(0, 1, 0)",1,8
batairle,bataille,bataille,"(0, 1, 0)",1,8
bamquise,banquise,banquise,"(0, 1, 0)",1,8
balbytia,balbutia,balbutier,"(0, 1, 0)",1,8
bafoyais,bafouais,bafouer,"(0, 1, 0)",1,8
aventyre,aventure,aventure,"(0, 1, 0)",1,8
avamtage,avantage,avantage,"(0, 1, 0)",1,8
awsculte,ausculte,ausculter,"(0, 1, 0)",1,8
appraudi,applaudi,applaudir,"(0, 1, 0)",1,8
angnonce,annonce,annonce,"(0, 1, 0)",1,8
immengse,immense,immense,"(0, 1, 0)",1,8
inmédiat,immédiat,immédiat,"(0, 1, 0)",1,8
inbécile,imbécile,imbécile,"(0, 1, 0)",1,8
hygiègne,hygiène,hygiène,"(0, 1, 0)",1,8
hwissier,huissier,huissier,"(0, 1, 0)",1,8
horizong,horizon,horizon,"(0, 1, 0)",1,8
hognneur,honneur,honneur,"(0, 1, 0)",1,8
assunait,assumait,assumer,"(0, 1, 0)",1,8
assembre,assemble,assembler,"(0, 1, 0)",1,8
asphwxie,asphyxie,asphyxie,"(0, 1, 0)",1,8
aspharte,asphalte,asphalte,"(0, 1, 0)",1,8
alticula,articula,articuler,"(0, 1, 0)",1,8
alrosait,arrosait,arroser,"(0, 1, 0)",1,8
alrogant,arrogant,arrogant,"(0, 1, 0)",1,8
vikinggs,vikings,vikings,"(0, 1, 0)",1,8
ameltume,amertume,amertume,"(0, 1, 0)",1,8
amériore,améliore,améliorer,"(0, 1, 0)",1,8
anbition,ambition,ambition,"(0, 1, 0)",1,8
amargame,amalgame,amalgamee,"(0, 1, 0)",1,8
aillewrs,ailleurs,ailleurs,"(0, 1, 0)",1,8
aiguirle,aiguille,aiguille,"(0, 1, 0)",1,8
aglicole,agricole,agricole,"(0, 1, 0)",1,8
acqyitté,acquitté,acquitter,"(0, 1, 0)",1,8
ingeptes,ineptes,inepte,"(0, 1, 0)",1,8
ingceste,inceste,inceste,"(0, 1, 0)",1,8
impoltun,importun,importun,"(0, 1, 0)",1,8
applouvé,approuvé,approuvé,"(0, 1, 0)",1,8
applouve,approuve,approuver,"(0, 1, 0)",1,8
applouva,approuva,approuva,"(0, 1, 0)",1,8
appliqwa,appliqua,appliquer,"(0, 1, 0)",1,8
ingtérim,intérim,intérim,"(0, 1, 0)",1,8
igntérêt,intérêt,intérêt,"(0, 1, 0)",1,8
ingtense,intense,intense,"(0, 1, 0)",1,8
instityt,institut,institut,"(0, 1, 0)",1,8
ignstant,instant,instant,"(0, 1, 0)",1,8
imsipide,insipide,insipide,"(0, 1, 0)",1,8
ignsigne,insigne,insigne,"(0, 1, 0)",1,8
inqwiets,inquiets,inquiet,"(0, 1, 0)",1,8
zodiaqwe,zodiaque,zodiaque,"(0, 1, 0)",1,8
uhiskies,whiskies,whisky,"(0, 1, 0)",1,8
vulgaile,vulgaire,vulgaire,"(0, 1, 0)",1,8
vouelles,voyelles,voyelles,"(0, 1, 0)",1,8
vorubile,volubile,volubile,"(0, 1, 0)",1,8
vortiges,voltiges,voltige,"(0, 1, 0)",1,8
viscèles,viscères,viscères,"(0, 1, 0)",1,8
vimdicte,vindicte,vindicte,"(0, 1, 0)",1,8
ramelles,lamelles,lamelles,"(0, 1, 0)",1,8
kelmesse,kermesse,kermesse,"(0, 1, 0)",1,8
kanikaze,kamikaze,kamikaze,"(0, 1, 0)",1,8
jugneaux,jumeaux,jumeau,"(0, 1, 0)",1,8
igntimes,intimes,intime,"(0, 1, 0)",1,8
victoile,victoire,victoire,"(0, 1, 0)",1,8
victigne,victime,victime,"(0, 1, 0)",1,8
velveine,verveine,verveine,"(0, 1, 0)",1,8
verticar,vertical,vertical,"(0, 1, 0)",1,8
versiong,version,version,"(0, 1, 0)",1,8
velgogne,vergogne,vergogne,"(0, 1, 0)",1,8
ventowse,ventouse,ventouse,"(0, 1, 0)",1,8
vendledi,vendredi,vendredi,"(0, 1, 0)",1,8
vemdetta,vendetta,vendetta,"(0, 1, 0)",1,8
vemaient,venaient,venir,"(0, 1, 0)",1,8
verléité,velléité,velléité,"(0, 1, 0)",1,8
licegnce,licence,licence,"(0, 1, 0)",1,8
ressives,lessives,lessive,"(0, 1, 0)",1,8
rentille,lentille,lentille,"(0, 1, 0)",1,8
lavangde,lavande,lavande,"(0, 1, 0)",1,8
latlines,latrines,latrines,"(0, 1, 0)",1,8
latityde,latitude,latitude,"(0, 1, 0)",1,8
latengte,latente,latent,"(0, 1, 0)",1,8
lasagmes,lasagnes,lasagnes,"(0, 1, 0)",1,8
vaselime,vaseline,vaseline,"(0, 1, 0)",1,8
vagntail,vantail,vantail,"(0, 1, 0)",1,8
vamdales,vandales,vandales,"(0, 1, 0)",1,8
vagnpire,vampire,vampire,"(0, 1, 0)",1,8
vaisseay,vaisseau,vaisseau,"(0, 1, 0)",1,8
vacarnge,vacarme,vacarme,"(0, 1, 0)",1,8
wbiquité,ubiquité,ubiquité,"(0, 1, 0)",1,8
tzigange,tzigane,tzigane,"(0, 1, 0)",1,8
roupiote,loupiote,loupiote,"(0, 1, 0)",1,8
lowkoums,loukoums,loukoums,"(0, 1, 0)",1,8
rouanges,louanges,louange,"(0, 1, 0)",1,8
lognbric,lombric,lombric,"(0, 1, 0)",1,8
rogiciel,logiciel,logiciel,"(0, 1, 0)",1,8
rittoral,littoral,littoral,"(0, 1, 0)",1,8
litangie,litanie,litanie,"(0, 1, 0)",1,8
tsigange,tsigane,tsigane,"(0, 1, 0)",1,8
trowille,trouille,trouille,"(0, 1, 0)",1,8
tlopique,tropique,tropique,"(0, 1, 0)",1,8
trognçon,tronçon,tronçon,"(0, 1, 0)",1,8
tlombone,trombone,trombone,"(0, 1, 0)",1,8
troggnon,trognon,trognon,"(0, 1, 0)",1,8
tréteawx,tréteaux,tréteau,"(0, 1, 0)",1,8
tlépanée,trépanée,trépaner,"(0, 1, 0)",1,8
tlansmet,transmet,transmettre,"(0, 1, 0)",1,8
torrengt,torrent,torrent,"(0, 1, 0)",1,8
tomnerre,tonnerre,tonnerre,"(0, 1, 0)",1,8
tognneau,tonneau,tonneau,"(0, 1, 0)",1,8
toirette,toilette,toilette,"(0, 1, 0)",1,8
tocaldes,tocardes,tocardes,"(0, 1, 0)",1,8
tilelire,tirelire,tirelire,"(0, 1, 0)",1,8
mangière,manière,manière,"(0, 1, 0)",1,8
nammouth,mammouth,mammouth,"(0, 1, 0)",1,8
magnoria,magnolia,magnolia,"(0, 1, 0)",1,8
ngagenta,magenta,magenta,"(0, 1, 0)",1,8
magasing,magasin,magasin,"(0, 1, 0)",1,8
nadriers,madriers,madriers,"(0, 1, 0)",1,8
machigne,machine,machine,"(0, 1, 0)",1,8
ngacadam,macadam,macadam,"(0, 1, 0)",1,8
lugnière,lumière,lumière,"(0, 1, 0)",1,8
roustics,loustics,loustics,"(0, 1, 0)",1,8
syngbole,symbole,symbole,"(0, 1, 0)",1,8
suspemse,suspense,suspense,"(0, 1, 0)",1,8
tingbres,timbres,timbre,"(0, 1, 0)",1,8
thélapie,thérapie,thérapie,"(0, 1, 0)",1,8
tessogns,tessons,tessons,"(0, 1, 0)",1,8
telmites,termites,termites,"(0, 1, 0)",1,8
terminys,terminus,terminus,"(0, 1, 0)",1,8
ténèbles,ténèbres,ténèbres,"(0, 1, 0)",1,8
temaient,tenaient,tenir,"(0, 1, 0)",1,8
tenpêtes,tempêtes,tempête,"(0, 1, 0)",1,8
teigntes,teintes,teindre,"(0, 1, 0)",1,8
gnarotte,marotte,marotte,"(0, 1, 0)",1,8
malathon,marathon,marathon,"(0, 1, 0)",1,8
maqwette,maquette,maquette,"(0, 1, 0)",1,8
tlagédie,tragédie,tragédie,"(0, 1, 0)",1,8
tladuire,traduire,traduire,"(0, 1, 0)",1,8
ngélodie,mélodie,mélodie,"(0, 1, 0)",1,8
gnédiane,médiane,médiane,"(0, 1, 0)",1,8
ngédecin,médecin,médecin,"(0, 1, 0)",1,8
médairle,médaille,médaille,"(0, 1, 0)",1,8
néandres,méandres,méandres,"(0, 1, 0)",1,8
mawssade,maussade,maussade,"(0, 1, 0)",1,8
mausorée,mausolée,mausolée,"(0, 1, 0)",1,8
taltares,tartares,tartares,"(0, 1, 0)",1,8
tamgents,tangents,tangents,"(0, 1, 0)",1,8
tarisman,talisman,talisman,"(0, 1, 0)",1,8
tactiqye,tactique,tactique,"(0, 1, 0)",1,8
taboyret,tabouret,tabouret,"(0, 1, 0)",1,8
systènge,système,système,"(0, 1, 0)",1,8
suphilis,syphilis,syphilis,"(0, 1, 0)",1,8
sunthèse,synthèse,synthèse,"(0, 1, 0)",1,8
syndrone,syndrome,syndrome,"(0, 1, 0)",1,8
subvenil,subvenir,subvenir,"(0, 1, 0)",1,8
stypides,stupides,stupides,"(0, 1, 0)",1,8
stlophes,strophes,strophe,"(0, 1, 0)",1,8
stlatège,stratège,stratège,"(0, 1, 0)",1,8
statiqwe,statique,statique,"(0, 1, 0)",1,8
meunièle,meunière,meunier,"(0, 1, 0)",1,8
gnéthode,méthode,méthode,"(0, 1, 0)",1,8
gnesquin,mesquin,mesquin,"(0, 1, 0)",1,8
ngésange,mésange,mésange,"(0, 1, 0)",1,8
neringue,meringue,meringue,"(0, 1, 0)",1,8
gnerguez,merguez,merguez,"(0, 1, 0)",1,8
nensonge,mensonge,mensonge,"(0, 1, 0)",1,8
nenottes,menottes,menotte,"(0, 1, 0)",1,8
méminges,méninges,méninges,"(0, 1, 0)",1,8
ngenhirs,menhirs,menhirs,"(0, 1, 0)",1,8
gnémoire,mémoire,mémoire,"(0, 1, 0)",1,8
gnoitiés,moitiés,moitié,"(0, 1, 0)",1,8
gnoisson,moisson,moisson,"(0, 1, 0)",1,8
moigngon,moignon,moignon,"(0, 1, 0)",1,8
gnohairs,mohairs,mohairs,"(0, 1, 0)",1,8
ngodeste,modeste,modeste,"(0, 1, 0)",1,8
ngissive,missive,missive,"(0, 1, 0)",1,8
gnission,mission,mission,"(0, 1, 0)",1,8
ministle,ministre,ministre,"(0, 1, 0)",1,8
minélale,minérale,minéral,"(0, 1, 0)",1,8
ninarets,minarets,minaret,"(0, 1, 0)",1,8
ngilieux,milieux,milieu,"(0, 1, 0)",1,8
nigraine,migraine,migraine,"(0, 1, 0)",1,8
ngiasmes,miasmes,miasmes,"(0, 1, 0)",1,8
supprice,supplice,supplice,"(0, 1, 0)",1,8
syperflu,superflu,superflu,"(0, 1, 0)",1,8
sufflage,suffrage,suffrage,"(0, 1, 0)",1,8
soixamte,soixante,soixante,"(0, 1, 0)",1,8
siricone,silicone,silicone,"(0, 1, 0)",1,8
noumoute,moumoute,moumoute,"(0, 1, 0)",1,8
ngouette,mouette,mouette,"(0, 1, 0)",1,8
mosaïqye,mosaïque,mosaïque,"(0, 1, 0)",1,8
gnorceau,morceau,morceau,"(0, 1, 0)",1,8
nonnaies,monnaies,monnaie,"(0, 1, 0)",1,8
mongceau,monceau,monceau,"(0, 1, 0)",1,8
morosses,molosses,molosses,"(0, 1, 0)",1,8
standald,standard,standard,"(0, 1, 0)",1,8
spomtané,spontané,spontané,"(0, 1, 0)",1,8
spécimem,spécimen,spécimen,"(0, 1, 0)",1,8
soulnois,sournois,sournois,"(0, 1, 0)",1,8
soupçong,soupçon,soupçon,"(0, 1, 0)",1,8
souffelt,souffert,souffrir,"(0, 1, 0)",1,8
soydaine,soudaine,soudain,"(0, 1, 0)",1,8
segnonce,semonce,semonce,"(0, 1, 0)",1,8
nognbril,nombril,nombril,"(0, 1, 0)",1,8
micotine,nicotine,nicotine,"(0, 1, 0)",1,8
gnénette,nénette,nénette,"(0, 1, 0)",1,8
ngéfaste,néfaste,néfaste,"(0, 1, 0)",1,8
gnations,nations,nation,"(0, 1, 0)",1,8
narghiré,narghilé,narghilé,"(0, 1, 0)",1,8
gnacelle,nacelle,nacelle,"(0, 1, 0)",1,8
mwosotis,myosotis,myosotis,"(0, 1, 0)",1,8
musulmam,musulman,musulman,"(0, 1, 0)",1,8
mwltiple,multiple,multiple,"(0, 1, 0)",1,8
noutarde,moutarde,moutarde,"(0, 1, 0)",1,8
sognmité,sommité,sommité,"(0, 1, 0)",1,8
songmeil,sommeil,sommeil,"(0, 1, 0)",1,8
sorution,solution,solution,"(0, 1, 0)",1,8
sorstice,solstice,solstice,"(0, 1, 0)",1,8
occwltes,occultes,occulte,"(0, 1, 0)",1,8
occasiom,occasion,occasion,"(0, 1, 0)",1,8
obstacre,obstacle,obstacle,"(0, 1, 0)",1,8
obsèqwes,obsèques,obsèques,"(0, 1, 0)",1,8
obscègne,obscène,obscène,"(0, 1, 0)",1,8
nguances,nuances,nuance,"(0, 1, 0)",1,8
novenbre,novembre,novembre,"(0, 1, 0)",1,8
gnouille,nouille,nouille,"(0, 1, 0)",1,8
ngormand,normand,normand,"(0, 1, 0)",1,8
selpette,serpette,serpette,"(0, 1, 0)",1,8
selingue,seringue,seringue,"(0, 1, 0)",1,8
sélieuse,sérieuse,sérieux,"(0, 1, 0)",1,8
sépurcre,sépulcre,sépulcre,"(0, 1, 0)",1,8
septiqwe,septique,septique,"(0, 1, 0)",1,8
segntier,sentier,sentier,"(0, 1, 0)",1,8
segnoule,semoule,semoule,"(0, 1, 0)",1,8
scalabée,scarabée,scarabée,"(0, 1, 0)",1,8
palmalès,palmarès,palmarès,"(0, 1, 0)",1,8
palables,palabres,palabre,"(0, 1, 0)",1,8
pagairle,pagaille,pagaille,"(0, 1, 0)",1,8
oursigns,oursins,oursins,"(0, 1, 0)",1,8
owistiti,ouistiti,ouistiti,"(0, 1, 0)",1,8
oyailles,ouailles,ouailles,"(0, 1, 0)",1,8
ottonane,ottomane,ottomane,"(0, 1, 0)",1,8
origigne,origine,origine,"(0, 1, 0)",1,8
orgasgne,orgasme,orgasme,"(0, 1, 0)",1,8
olchidée,orchidée,orchidée,"(0, 1, 0)",1,8
opplobre,opprobre,opprobre,"(0, 1, 0)",1,8
oppoltun,opportun,opportun,"(0, 1, 0)",1,8
omguents,onguents,onguents,"(0, 1, 0)",1,8
omoprate,omoplate,omoplate,"(0, 1, 0)",1,8
onelette,omelette,omelette,"(0, 1, 0)",1,8
palcelle,parcelle,parcelle,"(0, 1, 0)",1,8
paqyebot,paquebot,paquebot,"(0, 1, 0)",1,8
papirlon,papillon,papillon,"(0, 1, 0)",1,8
papirles,papilles,papilles,"(0, 1, 0)",1,8
pangtois,pantois,pantois,"(0, 1, 0)",1,8
pamthère,panthère,panthère,"(0, 1, 0)",1,8
panoprie,panoplie,panoplie,"(0, 1, 0)",1,8
pamcréas,pancréas,pancréas,"(0, 1, 0)",1,8
seigmeur,seigneur,seigneur,"(0, 1, 0)",1,8
séditiom,sédition,sédition,"(0, 1, 0)",1,8
sectiong,section,section,"(0, 1, 0)",1,8
secowsse,secousse,secousse,"(0, 1, 0)",1,8
scrupure,scrupule,scrupule,"(0, 1, 0)",1,8
scolpion,scorpion,scorpion,"(0, 1, 0)",1,8
sciegnce,science,science,"(0, 1, 0)",1,8
scérérat,scélérat,scélérat,"(0, 1, 0)",1,8
samglier,sanglier,sanglier,"(0, 1, 0)",1,8
samdwich,sandwich,sandwich,"(0, 1, 0)",1,8
sandares,sandales,sandales,"(0, 1, 0)",1,8
samoulaï,samouraï,samouraï,"(0, 1, 0)",1,8
sarsifis,salsifis,salsifis,"(0, 1, 0)",1,8
salpêtle,salpêtre,salpêtre,"(0, 1, 0)",1,8
pédiatle,pédiatre,pédiatre,"(0, 1, 0)",1,8
pavirlon,pavillon,pavillon,"(0, 1, 0)",1,8
paypière,paupière,paupière,"(0, 1, 0)",1,8
patraqye,patraque,patraque,"(0, 1, 0)",1,8
patiengt,patient,patient,"(0, 1, 0)",1,8
pastirle,pastille,pastille,"(0, 1, 0)",1,8
pastèqwe,pastèque,pastèque,"(0, 1, 0)",1,8
paloisse,paroisse,paroisse,"(0, 1, 0)",1,8
paregnts,parents,parent,"(0, 1, 0)",1,8
paleille,pareille,pareil,"(0, 1, 0)",1,8
loquette,roquette,roquette,"(0, 1, 0)",1,8
rongpais,rompais,rompre,"(0, 1, 0)",1,8
ronances,romances,romance,"(0, 1, 0)",1,8
ridicyle,ridicule,ridicule,"(0, 1, 0)",1,8
lhubarbe,rhubarbe,rhubarbe,"(0, 1, 0)",1,8
pelruque,perruque,perruque,"(0, 1, 0)",1,8
perprexe,perplexe,perplexe,"(0, 1, 0)",1,8
perngets,permets,permettre,"(0, 1, 0)",1,8
peldreau,perdreau,perdreau,"(0, 1, 0)",1,8
péqyenot,péquenot,péquenot,"(0, 1, 0)",1,8
pelotogn,peloton,peloton,"(0, 1, 0)",1,8
pediglee,pedigree,pedigree,"(0, 1, 0)",1,8
sauglenu,saugrenu,saugrenu,"(0, 1, 0)",1,8
saycisse,saucisse,saucisse,"(0, 1, 0)",1,8
salcasme,sarcasme,sarcasme,"(0, 1, 0)",1,8
sagngsue,sangsue,sangsue,"(0, 1, 0)",1,8
letraite,retraite,retraite,"(0, 1, 0)",1,8
léticent,réticent,réticent,"(0, 1, 0)",1,8
requiegn,requiem,requiem,"(0, 1, 0)",1,8
répongse,réponse,réponse,"(0, 1, 0)",1,8
rerigion,religion,religion,"(0, 1, 0)",1,8
pilanhas,piranhas,piranhas,"(0, 1, 0)",1,8
pionniel,pionnier,pionnier,"(0, 1, 0)",1,8
pimtades,pintades,pintades,"(0, 1, 0)",1,8
physiqwe,physique,physique,"(0, 1, 0)",1,8
peupliel,peuplier,peuplier,"(0, 1, 0)",1,8
pétitiom,pétition,pétition,"(0, 1, 0)",1,8
sagouing,sagouin,sagouin,"(0, 1, 0)",1,8
lustique,rustique,rustique,"(0, 1, 0)",1,8
ryisseau,ruisseau,ruisseau,"(0, 1, 0)",1,8
lugueuse,rugueuse,rugueux,"(0, 1, 0)",1,8
rybrique,rubrique,rubrique,"(0, 1, 0)",1,8
ragncune,rancune,rancune,"(0, 1, 0)",1,8
ragncart,rancart,rancart,"(0, 1, 0)",1,8
lambarde,rambarde,rambarde,"(0, 1, 0)",1,8
poltrogn,poltron,poltron,"(0, 1, 0)",1,8
poitline,poitrine,poitrine,"(0, 1, 0)",1,8
poitrair,poitrail,poitrail,"(0, 1, 0)",1,8
poissogn,poisson,poisson,"(0, 1, 0)",1,8
poireayx,poireaux,poireau,"(0, 1, 0)",1,8
platigne,platine,platine,"(0, 1, 0)",1,8
platagne,platane,platane,"(0, 1, 0)",1,8
plastlon,plastron,plastron,"(0, 1, 0)",1,8
plangton,planton,planton,"(0, 1, 0)",1,8
pizzelia,pizzeria,pizzeria,"(0, 1, 0)",1,8
levolver,revolver,revolver,"(0, 1, 0)",1,8
revamche,revanche,revanche,"(0, 1, 0)",1,8
réyssite,réussite,réussir/te,"(0, 1, 0)",1,8
plécaire,précaire,précaire,"(0, 1, 0)",1,8
plalines,pralines,pralines,"(0, 1, 0)",1,8
poyliche,pouliche,pouliche,"(0, 1, 0)",1,8
poulaign,poulain,poulain,"(0, 1, 0)",1,8
poybelle,poubelle,poubelle,"(0, 1, 0)",1,8
potegnce,potence,potence,"(0, 1, 0)",1,8
possibre,possible,possible,"(0, 1, 0)",1,8
portiong,portion,portion,"(0, 1, 0)",1,8
popoting,popotin,popotin,"(0, 1, 0)",1,8
popelime,popeline,popeline,"(0, 1, 0)",1,8
reration,relation,relation,"(0, 1, 0)",1,8
régrisse,réglisse,réglisse,"(0, 1, 0)",1,8
legistre,registre,registre,"(0, 1, 0)",1,8
laviolis,raviolis,raviolis,"(0, 1, 0)",1,8
lasseoir,rasseoir,asseoir,"(0, 1, 0)",1,8
raqyette,raquette,raquette,"(0, 1, 0)",1,8
racairle,racaille,racaille,"(0, 1, 0)",1,8
questiom,question,question,"(0, 1, 0)",1,8
qwelques,quelques,quelque,"(0, 1, 0)",1,8
qwatorze,quatorze,quatorze,"(0, 1, 0)",1,8
pystules,pustules,pustules,"(0, 1, 0)",1,8
profomde,profonde,profond,"(0, 1, 0)",1,8
ploblème,problème,problème,"(0, 1, 0)",1,8
probabre,probable,probable,"(0, 1, 0)",1,8
plincipe,principe,principe,"(0, 1, 0)",1,8
plimates,primates,primates,"(0, 1, 0)",1,8
plétoire,prétoire,prétoire,"(0, 1, 0)",1,8
plestige,prestige,prestige,"(0, 1, 0)",1,8
plésages,présages,présage,"(0, 1, 0)",1,8
prengier,premier,premier,"(0, 1, 0)",1,8
plémices,prémices,prémices,"(0, 1, 0)",1,8
plécepte,précepte,précepte,"(0, 1, 0)",1,8
souvengt,souvent,souvent,"(0, 1, 0)",1,8
silotait,sirotait,siroter,"(0, 1, 0)",1,8
apangage,apanage,apanage,"(0, 1, 0)",1,8
agntique,antique,antique,"(0, 1, 0)",1,8
angtenne,antenne,antenne,"(0, 1, 0)",1,8
anonalie,anomalie,anomalie,"(0, 1, 0)",1,8
anguirle,anguille,anguille,"(0, 1, 0)",1,8
angchois,anchois,anchois,"(0, 1, 0)",1,8
amurette,amulette,amulette,"(0, 1, 0)",1,8
agniante,amiante,amiante,"(0, 1, 0)",1,8
tlavesti,travesti,travestir,"(0, 1, 0)",1,8
tlaquait,traquait,traquer,"(0, 1, 0)",1,8
torpirle,torpille,torpille,"(0, 1, 0)",1,8
tongnant,tonnant,tonner,"(0, 1, 0)",1,8
torérait,tolérait,tolérer,"(0, 1, 0)",1,8
titwbait,titubait,tituber,"(0, 1, 0)",1,8
véhicwle,véhicule,véhicule,"(0, 1, 0)",1,8
vénélait,vénérait,vénérer,"(0, 1, 0)",1,8
vidangge,vidange,vidange,"(0, 1, 0)",1,8
vinaigle,vinaigre,vinaigre,"(0, 1, 0)",1,8
ngaestro,maestro,maestro,"(0, 1, 0)",1,8
tourngois,tournois,tournois,"(0, 1, 0)",1,9
abstegnir,abstenir,abstenir,"(0, 1, 0)",1,9
abstlaite,abstraite,abstrait,"(0, 1, 0)",1,9
acaliâtre,acariâtre,acariâtre,"(0, 1, 0)",1,9
triongphe,triomphe,triomphe,"(0, 1, 0)",1,9
tlipotais,tripotais,tripoter,"(0, 1, 0)",1,9
swpputées,supputées,supputées,"(0, 1, 0)",1,9
expricite,explicite,explicite,"(0, 1, 0)",1,9
exprorais,explorais,explorer,"(0, 1, 0)",1,9
faiggnant,faignant,faignant,"(0, 1, 0)",1,9
fantasgne,fantasme,fantasme,"(0, 1, 0)",1,9
crocodire,crocodile,crocodile,"(0, 1, 0)",1,9
crystacés,crustacés,crustacé,"(0, 1, 0)",1,9
défectiom,défection,défection,"(0, 1, 0)",1,9
éqyilibre,équilibre,équilibre,"(0, 1, 0)",1,9
éleintait,éreintait,éreinter,"(0, 1, 0)",1,9
rygissait,rugissait,rugir,"(0, 1, 0)",1,9
scwlptait,sculptait,sculpter,"(0, 1, 0)",1,9
séquestle,séquestre,séquestrer,"(0, 1, 0)",1,9
quagntité,quantité,quantité,"(0, 1, 0)",1,9
quaragnte,quarante,quarante,"(0, 1, 0)",1,9
qyetsches,quetsches,quetsches,"(0, 1, 0)",1,9
quicomque,quiconque,quiconque,"(0, 1, 0)",1,9
qwinconce,quinconce,quinconce,"(0, 1, 0)",1,9
qwolibets,quolibets,quolibets,"(0, 1, 0)",1,9
plotocole,protocole,protocole,"(0, 1, 0)",1,9
provingce,province,province,"(0, 1, 0)",1,9
sypposais,supposais,supposer,"(0, 1, 0)",1,9
arligator,alligator,alligator,"(0, 1, 0)",1,9
arlergies,allergies,allergie,"(0, 1, 0)",1,9
adjudangt,adjudant,adjudant,"(0, 1, 0)",1,9
ploviseur,proviseur,proviseur,"(0, 1, 0)",1,9
rangcoeur,rancoeur,rancoeur,"(0, 1, 0)",1,9
atteignte,atteinte,atteindre,"(0, 1, 0)",1,9
awbépines,aubépines,aubépines,"(0, 1, 0)",1,9
babowches,babouches,babouches,"(0, 1, 0)",1,9
bagaterle,bagatelle,bagatelle,"(0, 1, 0)",1,9
bardaquin,baldaquin,baldaquin,"(0, 1, 0)",1,9
basirique,basilique,basilique,"(0, 1, 0)",1,9
bataclang,bataclan,bataclan,"(0, 1, 0)",1,9
béngéfice,bénéfice,bénéfice,"(0, 1, 0)",1,9
berringot,berlingot,berlingot,"(0, 1, 0)",1,9
besoggnes,besognes,besogne,"(0, 1, 0)",1,9
birboquet,bilboquet,bilboquet,"(0, 1, 0)",1,9
réproyvés,réprouvés,réprouver,"(0, 1, 0)",1,9
leddition,reddition,reddition,"(0, 1, 0)",1,9
ledingote,redingote,redingote,"(0, 1, 0)",1,9
régimengt,régiment,régiment,"(0, 1, 0)",1,9
pétangque,pétanque,pétanque,"(0, 1, 0)",1,9
phalangge,phalange,phalange,"(0, 1, 0)",1,9
phéronone,phéromone,phéromone,"(0, 1, 0)",1,9
phosphole,phosphore,phosphore,"(0, 1, 0)",1,9
piédestar,piédestal,piédestal,"(0, 1, 0)",1,9
pigngouin,pingouin,pingouin,"(0, 1, 0)",1,9
pissenrit,pissenlit,pissenlit,"(0, 1, 0)",1,9
remdaient,rendaient,rendre,"(0, 1, 0)",1,9
remgaines,rengaines,rengaine,"(0, 1, 0)",1,9
lescousse,rescousse,rescousse,"(0, 1, 0)",1,9
pivoinges,pivoines,pivoines,"(0, 1, 0)",1,9
plaigndre,plaindre,plaindre/te,"(0, 1, 0)",1,9
prausible,plausible,plausible,"(0, 1, 0)",1,9
plwsieurs,plusieurs,plusieurs,"(0, 1, 0)",1,9
pochetlon,pochetron,pochetron,"(0, 1, 0)",1,9
polissong,polisson,polisson,"(0, 1, 0)",1,9
sarabamde,sarabande,sarabande,"(0, 1, 0)",1,9
saterlite,satellite,satellite,"(0, 1, 0)",1,9
scableuse,scabreuse,scabreux,"(0, 1, 0)",1,9
perlicule,pellicule,pellicule,"(0, 1, 0)",1,9
pemalties,penalties,penalties,"(0, 1, 0)",1,9
pemtecôte,pentecôte,pentecôte,"(0, 1, 0)",1,9
pélipétie,péripétie,péripétie,"(0, 1, 0)",1,9
perroqwet,perroquet,perroquet,"(0, 1, 0)",1,9
perryches,perruches,perruches,"(0, 1, 0)",1,9
persongne,personne,personne,"(0, 1, 0)",1,9
lillettes,rillettes,rillettes,"(0, 1, 0)",1,9
ripairles,ripailles,ripaille,"(0, 1, 0)",1,9
listourne,ristourne,ristourne,"(0, 1, 0)",1,9
rognbière,rombière,rombière,"(0, 1, 0)",1,9
rossignor,rossignol,rossignol,"(0, 1, 0)",1,9
pelvenche,pervenche,pervenche,"(0, 1, 0)",1,9
pagntalon,pantalon,pantalon,"(0, 1, 0)",1,9
pamtomime,pantomime,pantomime,"(0, 1, 0)",1,9
pararlèle,parallèle,parallèle,"(0, 1, 0)",1,9
palchemin,parchemin,parchemin,"(0, 1, 0)",1,9
particyle,particule,particule,"(0, 1, 0)",1,9
lestreint,restreint,restreint,"(0, 1, 0)",1,9
lésultais,résultais,résulter,"(0, 1, 0)",1,9
blockhaws,blockhaus,blockhaus,"(0, 1, 0)",1,9
bobsreigh,bobsleigh,bobsleigh,"(0, 1, 0)",1,9
bognbonne,bonbonne,bonbonne,"(0, 1, 0)",1,9
boulevald,boulevard,boulevard,"(0, 1, 0)",1,9
boulgeons,bourgeons,bourgeon,"(0, 1, 0)",1,9
boulgeron,bourgeron,bourgeron,"(0, 1, 0)",1,9
boulrique,bourrique,bourrique,"(0, 1, 0)",1,9
reluquamt,reluquant,reluquer,"(0, 1, 0)",1,9
sangction,sanction,sanction,"(0, 1, 0)",1,9
sciatiqwe,sciatique,sciatique,"(0, 1, 0)",1,9
regnorque,remorque,remorque,"(0, 1, 0)",1,9
lencontre,rencontre,rencontre,"(0, 1, 0)",1,9
bouteirle,bouteille,bouteille,"(0, 1, 0)",1,9
bragwette,braguette,braguette,"(0, 1, 0)",1,9
bylldozer,bulldozer,bulldozer,"(0, 1, 0)",1,9
bulletign,bulletin,bulletin,"(0, 1, 0)",1,9
burresque,burlesque,burlesque,"(0, 1, 0)",1,9
cabrioret,cabriolet,cabriolet,"(0, 1, 0)",1,9
cacahyète,cacahuète,cacahuète,"(0, 1, 0)",1,9
cachenire,cachemire,cachemire,"(0, 1, 0)",1,9
plosterné,prosterné,prosterner,"(0, 1, 0)",1,9
plovocant,provocant,provocant,"(0, 1, 0)",1,9
quénander,quémander,quémander,"(0, 1, 0)",1,9
segnestre,semestre,semestre,"(0, 1, 0)",1,9
pangaches,panaches,panache,"(0, 1, 0)",1,9
nénuphals,nénuphars,nénuphars,"(0, 1, 0)",1,9
segntence,sentence,sentence,"(0, 1, 0)",1,9
septenbre,septembre,septembre,"(0, 1, 0)",1,9
sépylture,sépulture,sépulture,"(0, 1, 0)",1,9
séquerles,séquelles,séquelles,"(0, 1, 0)",1,9
séquegnce,séquence,séquence,"(0, 1, 0)",1,9
sérégnade,sérénade,sérénade,"(0, 1, 0)",1,9
selviette,serviette,serviette,"(0, 1, 0)",1,9
gnounours,nounours,nounours,"(0, 1, 0)",1,9
occidegnt,occident,occident,"(0, 1, 0)",1,9
orphelign,orphelin,orphelin,"(0, 1, 0)",1,9
pacotirle,pacotille,pacotille,"(0, 1, 0)",1,9
parissade,palissade,palissade,"(0, 1, 0)",1,9
palouldes,palourdes,palourdes,"(0, 1, 0)",1,9
scangdale,scandale,scandale,"(0, 1, 0)",1,9
sceptiqye,sceptique,sceptique,"(0, 1, 0)",1,9
gnolaires,molaires,molaires,"(0, 1, 0)",1,9
gnolécule,molécule,molécule,"(0, 1, 0)",1,9
gnontagne,montagne,montagne,"(0, 1, 0)",1,9
mognument,monument,monument,"(0, 1, 0)",1,9
gnoquette,moquette,moquette,"(0, 1, 0)",1,9
moribongd,moribond,moribond,"(0, 1, 0)",1,9
gnorpions,morpions,morpions,"(0, 1, 0)",1,9
mowstique,moustique,moustique,"(0, 1, 0)",1,9
sinagrées,simagrées,simagrées,"(0, 1, 0)",1,9
singistre,sinistre,sinistre,"(0, 1, 0)",1,9
sobriqyet,sobriquet,sobriquet,"(0, 1, 0)",1,9
solegnnel,solennel,solennel,"(0, 1, 0)",1,9
sorennels,solennels,solennels,"(0, 1, 0)",1,9
mwrtilles,myrtilles,myrtilles,"(0, 1, 0)",1,9
gnarquois,narquois,narquois,"(0, 1, 0)",1,9
nauflages,naufrages,naufrage,"(0, 1, 0)",1,9
landonnée,randonnée,randonnée,"(0, 1, 0)",1,9
lebroussa,rebroussa,rebrousser,"(0, 1, 0)",1,9
cadegnces,cadences,cadence,"(0, 1, 0)",1,9
caggnotte,cagnotte,cagnotte,"(0, 1, 0)",1,9
calagnars,calamars,calamars,"(0, 1, 0)",1,9
cangbouis,cambouis,cambouis,"(0, 1, 0)",1,9
cagnéléon,caméléon,caméléon,"(0, 1, 0)",1,9
camembelt,camembert,camembert,"(0, 1, 0)",1,9
cangpagne,campagne,campagne,"(0, 1, 0)",1,9
canpanile,campanile,campanile,"(0, 1, 0)",1,9
cangdidat,candidat,candidat,"(0, 1, 0)",1,9
canebièle,canebière,canebière,"(0, 1, 0)",1,9
cagniveau,caniveau,caniveau,"(0, 1, 0)",1,9
camnibale,cannibale,cannibale,"(0, 1, 0)",1,9
spectacre,spectacle,spectacle,"(0, 1, 0)",1,9
squerette,squelette,squelette,"(0, 1, 0)",1,9
ngédiéval,médiéval,médiéval,"(0, 1, 0)",1,9
ngédiocre,médiocre,médiocre,"(0, 1, 0)",1,9
meillewre,meilleure,meilleure,"(0, 1, 0)",1,9
membragne,membrane,membrane,"(0, 1, 0)",1,9
gnercredi,mercredi,mercredi,"(0, 1, 0)",1,9
merveirle,merveille,merveille,"(0, 1, 0)",1,9
stypéfait,stupéfait,stupéfaire,"(0, 1, 0)",1,9
swbstance,substance,substance,"(0, 1, 0)",1,9
sybstitut,substitut,substitut,"(0, 1, 0)",1,9
midimette,midinette,midinette,"(0, 1, 0)",1,9
solnettes,sornettes,sornettes,"(0, 1, 0)",1,9
soltilège,sortilège,sortilège,"(0, 1, 0)",1,9
soybrette,soubrette,soubrette,"(0, 1, 0)",1,9
soulirent,sourirent,sourirent,"(0, 1, 0)",1,9
souvelain,souverain,souverain,"(0, 1, 0)",1,9
spaladrap,sparadrap,sparadrap,"(0, 1, 0)",1,9
tamgentes,tangentes,tangentes,"(0, 1, 0)",1,9
capitaime,capitaine,capitaine,"(0, 1, 0)",1,9
plésidais,présidais,présidais,"(0, 1, 0)",1,9
plocédait,procédait,procéder,"(0, 1, 0)",1,9
plofanait,profanait,profane,"(0, 1, 0)",1,9
plogramme,programme,programme,"(0, 1, 0)",1,9
capitewse,capiteuse,capiteux,"(0, 1, 0)",1,9
carabigne,carabine,carabine,"(0, 1, 0)",1,9
calactère,caractère,caractère,"(0, 1, 0)",1,9
caraverle,caravelle,caravelle,"(0, 1, 0)",1,9
carillong,carillon,carillon,"(0, 1, 0)",1,9
persyadée,persuadée,persuader,"(0, 1, 0)",1,9
matricyle,matricule,matricule,"(0, 1, 0)",1,9
ngauvaise,mauvaise,mauvais,"(0, 1, 0)",1,9
mawviette,mauviette,mauviette,"(0, 1, 0)",1,9
gnéchante,méchante,méchant,"(0, 1, 0)",1,9
tlansfert,transfert,transférer,"(0, 1, 0)",1,9
manneqyin,mannequin,mannequin,"(0, 1, 0)",1,9
magnsarde,mansarde,mansarde,"(0, 1, 0)",1,9
marchagnd,marchand,marchand,"(0, 1, 0)",1,9
ngaréchal,maréchal,maréchal,"(0, 1, 0)",1,9
nargarine,margarine,margarine,"(0, 1, 0)",1,9
marijwana,marijuana,marijuana,"(0, 1, 0)",1,9
marmairle,marmaille,marmaille,"(0, 1, 0)",1,9
marrainge,marraine,marraine,"(0, 1, 0)",1,9
marsupiar,marsupial,marsupial,"(0, 1, 0)",1,9
ngascotte,mascotte,mascotte,"(0, 1, 0)",1,9
techniqye,technique,technique,"(0, 1, 0)",1,9
tigngasse,tignasse,tignasse,"(0, 1, 0)",1,9
tignorées,timorées,timorées,"(0, 1, 0)",1,9
sygnptôme,symptôme,symptôme,"(0, 1, 0)",1,9
synagogwe,synagogue,synagogue,"(0, 1, 0)",1,9
pignaille,pinaille,pinaille,"(0, 1, 0)",1,9
plécipita,précipita,précipiter,"(0, 1, 0)",1,9
plescrire,prescrire,prescrire,"(0, 1, 0)",1,9
plésentai,présentai,présenter,"(0, 1, 0)",1,9
carrefowr,carrefour,carrefour,"(0, 1, 0)",1,9
carrowsel,carrousel,carrousel,"(0, 1, 0)",1,9
cartowche,cartouche,cartouche,"(0, 1, 0)",1,9
casengate,casemate,casemate,"(0, 1, 0)",1,9
casserore,casserole,casserole,"(0, 1, 0)",1,9
cassowlet,cassoulet,cassoulet,"(0, 1, 0)",1,9
catalacte,cataracte,cataracte,"(0, 1, 0)",1,9
cawchemar,cauchemar,cauchemar,"(0, 1, 0)",1,9
toboggang,toboggan,toboggan,"(0, 1, 0)",1,9
toqwardes,toquardes,toquardes,"(0, 1, 0)",1,9
tourgnent,tourment,tourment,"(0, 1, 0)",1,9
tladition,tradition,tradition,"(0, 1, 0)",1,9
libellyle,libellule,libellule,"(0, 1, 0)",1,9
tregnplin,tremplin,tremplin,"(0, 1, 0)",1,9
trombinge,trombine,trombine,"(0, 1, 0)",1,9
tloufions,troufions,troufions,"(0, 1, 0)",1,9
tubelcule,tubercule,tubercule,"(0, 1, 0)",1,9
limowsine,limousine,limousine,"(0, 1, 0)",1,9
lignoléum,linoléum,linoléum,"(0, 1, 0)",1,9
macarogni,macaroni,macaroni,"(0, 1, 0)",1,9
ngachette,machette,machette,"(0, 1, 0)",1,9
ngagazine,magazine,magazine,"(0, 1, 0)",1,9
magouirle,magouille,magouille,"(0, 1, 0)",1,9
majoldome,majordome,majordome,"(0, 1, 0)",1,9
gnandales,mandales,mandales,"(0, 1, 0)",1,9
ngandarin,mandarin,mandarin,"(0, 1, 0)",1,9
gnanitous,manitous,manitous,"(0, 1, 0)",1,9
maniverle,manivelle,manivelle,"(0, 1, 0)",1,9
intelview,interview,interview,"(0, 1, 0)",1,9
ingtestin,intestin,intestin,"(0, 1, 0)",1,9
irascibre,irascible,irascible,"(0, 1, 0)",1,9
kangoulou,kangourou,kangourou,"(0, 1, 0)",1,9
langoyste,langouste,langouste,"(0, 1, 0)",1,9
lantelnes,lanternes,lanterne,"(0, 1, 0)",1,9
tunéfiées,tuméfiées,tuméfier,"(0, 1, 0)",1,9
twrquoise,turquoise,turquoise,"(0, 1, 0)",1,9
ultélieur,ultérieur,ultérieur,"(0, 1, 0)",1,9
ustensire,ustensile,ustensile,"(0, 1, 0)",1,9
vagabognd,vagabond,vagabond,"(0, 1, 0)",1,9
vaisserle,vaisselle,vaisselle,"(0, 1, 0)",1,9
régitimes,légitimes,légitime,"(0, 1, 0)",1,9
reitmotiv,leitmotiv,leitmotiv,"(0, 1, 0)",1,9
lémwriens,lémuriens,lémuriens,"(0, 1, 0)",1,9
ribations,libations,libations,"(0, 1, 0)",1,9
interlect,intellect,intellect,"(0, 1, 0)",1,9
intélieur,intérieur,intérieur,"(0, 1, 0)",1,9
véhémengt,véhément,véhément,"(0, 1, 0)",1,9
verléités,velléités,velléités,"(0, 1, 0)",1,9
vermirlon,vermillon,vermillon,"(0, 1, 0)",1,9
veltèbres,vertèbres,vertèbre,"(0, 1, 0)",1,9
ignternes,internes,interne,"(0, 1, 0)",1,9
peigngoir,peignoir,peignoir,"(0, 1, 0)",1,9
péngétrai,pénétrai,pénétrai,"(0, 1, 0)",1,9
pénétlais,pénétrais,pénétrais,"(0, 1, 0)",1,9
pegnsions,pensions,pensions,"(0, 1, 0)",1,9
pelcheron,percheron,percheron,"(0, 1, 0)",1,9
pelpétuer,perpétuer,perpétuer,"(0, 1, 0)",1,9
pelsécuté,persécuté,persécuter,"(0, 1, 0)",1,9
obtiengne,obtienne,obtienne,"(0, 1, 0)",1,9
ignternet,internet,internet,"(0, 1, 0)",1,9
adolaient,adoraient,adorer,"(0, 1, 0)",1,9
affwblait,affublait,affubler,"(0, 1, 0)",1,9
aigyisait,aiguisait,aiguiser,"(0, 1, 0)",1,9
angnistie,amnistie,amnistie,"(0, 1, 0)",1,9
angorties,amorties,amortir,"(0, 1, 0)",1,9
viorentes,violentes,violent,"(0, 1, 0)",1,9
visqyeuse,visqueuse,visqueux,"(0, 1, 0)",1,9
vitamigne,vitamine,vitamine,"(0, 1, 0)",1,9
abasoyrdi,abasourdi,abasourdir,"(0, 1, 0)",1,9
abholrant,abhorrant,abhorrer,"(0, 1, 0)",1,9
accolegnt,accolent,accoler,"(0, 1, 0)",1,9
accongpli,accompli,accomplir,"(0, 1, 0)",1,9
ignfirmes,infirmes,infirme,"(0, 1, 0)",1,9
ingsolite,insolite,insolite,"(0, 1, 0)",1,9
ingstance,instance,instance,"(0, 1, 0)",1,9
ingstinct,instinct,instinct,"(0, 1, 0)",1,9
applouves,approuves,approuves,"(0, 1, 0)",1,9
applouvés,approuvés,approuvés,"(0, 1, 0)",1,9
igndigène,indigène,indigène,"(0, 1, 0)",1,9
ingdividu,individu,individu,"(0, 1, 0)",1,9
opélaient,opéraient,opérer,"(0, 1, 0)",1,9
olchestre,orchestre,orchestre,"(0, 1, 0)",1,9
orgnaient,ornaient,orner,"(0, 1, 0)",1,9
oscirlait,oscillait,osciller,"(0, 1, 0)",1,9
pamtoufle,pantoufle,pantoufle,"(0, 1, 0)",1,9
palalysie,paralysie,paralysie,"(0, 1, 0)",1,9
célémonie,cérémonie,cérémonie,"(0, 1, 0)",1,9
chagnanes,chamanes,chaman,"(0, 1, 0)",1,9
chagnpion,champion,champion,"(0, 1, 0)",1,9
chanderle,chandelle,chandelle,"(0, 1, 0)",1,9
infériewr,inférieur,inférieur,"(0, 1, 0)",1,9
acqyiesça,acquiesça,acquiescer,"(0, 1, 0)",1,9
anggoisse,angoisse,angoisse,"(0, 1, 0)",1,9
amkyloser,ankyloser,ankyloser,"(0, 1, 0)",1,9
nostargie,nostalgie,nostalgie,"(0, 1, 0)",1,9
obtegnais,obtenais,obtenais,"(0, 1, 0)",1,9
obtengait,obtenait,obtenait,"(0, 1, 0)",1,9
obtengant,obtenant,obtenant,"(0, 1, 0)",1,9
obtengons,obtenons,obtenons,"(0, 1, 0)",1,9
obtiendla,obtiendra,obtiendra,"(0, 1, 0)",1,9
chapiteay,chapiteau,chapiteau,"(0, 1, 0)",1,9
challatan,charlatan,charlatan,"(0, 1, 0)",1,9
challotte,charlotte,charlotte,"(0, 1, 0)",1,9
charoggne,charogne,charogne,"(0, 1, 0)",1,9
chalpente,charpente,charpente,"(0, 1, 0)",1,9
chawdière,chaudière,chaudière,"(0, 1, 0)",1,9
chaudrong,chaudron,chaudron,"(0, 1, 0)",1,9
approwvée,approuvée,approuvée,"(0, 1, 0)",1,9
hangdicap,handicap,handicap,"(0, 1, 0)",1,9
hagnneton,hanneton,hanneton,"(0, 1, 0)",1,9
harnonica,harmonica,harmonica,"(0, 1, 0)",1,9
harngonie,harmonie,harmonie,"(0, 1, 0)",1,9
argengtin,argentin,argentin,"(0, 1, 0)",1,9
alrogeait,arrogeait,arroger,"(0, 1, 0)",1,9
assigmait,assignait,assigner,"(0, 1, 0)",1,9
astiqwait,astiquait,astiquer,"(0, 1, 0)",1,9
attegnter,attenter,attenter,"(0, 1, 0)",1,9
hormognes,hormones,hormone,"(0, 1, 0)",1,9
holoscope,horoscope,horoscope,"(0, 1, 0)",1,9
hulricane,hurricane,hurricane,"(0, 1, 0)",1,9
hypoclite,hypocrite,hypocrite,"(0, 1, 0)",1,9
imbloglio,imbroglio,imbroglio,"(0, 1, 0)",1,9
inminente,imminente,imminent,"(0, 1, 0)",1,9
impélatif,impératif,impératif,"(0, 1, 0)",1,9
avortengt,avortent,avortent,"(0, 1, 0)",1,9
babirlant,babillant,babiller,"(0, 1, 0)",1,9
bacheliel,bachelier,bachelier,"(0, 1, 0)",1,9
chengille,chenille,chenille,"(0, 1, 0)",1,9
gnéditait,méditait,méditer,"(0, 1, 0)",1,9
gnijotait,mijotait,mijoter,"(0, 1, 0)",1,9
gnitonner,mitonner,mitonner,"(0, 1, 0)",1,9
mitrairle,mitraille,mitraille,"(0, 1, 0)",1,9
nodifiait,modifiait,modifier,"(0, 1, 0)",1,9
moquaiemt,moquaient,moquer,"(0, 1, 0)",1,9
mowvaient,mouvaient,mouvoir,"(0, 1, 0)",1,9
nagnésium,magnésium,magnésium,"(0, 1, 0)",1,9
bafoyilla,bafouilla,bafouiller,"(0, 1, 0)",1,9
barbotemt,barbotent,barboter,"(0, 1, 0)",1,9
balricade,barricade,barricade,"(0, 1, 0)",1,9
hambulger,hamburger,hamburger,"(0, 1, 0)",1,9
chowettes,chouettes,chouette,"(0, 1, 0)",1,9
cicatlice,cicatrice,cicatrice,"(0, 1, 0)",1,9
caillelez,caillerez,caillerez,"(0, 1, 0)",1,9
calomngie,calomnie,calomnie,"(0, 1, 0)",1,9
catalogye,catalogue,catalogue,"(0, 1, 0)",1,9
céramiqwe,céramique,céramique,"(0, 1, 0)",1,9
grotesqwe,grotesque,grotesque,"(0, 1, 0)",1,9
guiborles,guibolles,guibolles,"(0, 1, 0)",1,9
guirleret,guilleret,guilleret,"(0, 1, 0)",1,9
guingauve,guimauve,guimauve,"(0, 1, 0)",1,9
gwirlande,guirlande,guirlande,"(0, 1, 0)",1,9
habitacre,habitacle,habitacle,"(0, 1, 0)",1,9
haciegnda,hacienda,hacienda,"(0, 1, 0)",1,9
brasphème,blasphème,blasphème,"(0, 1, 0)",1,9
bongbarda,bombarda,bombe,"(0, 1, 0)",1,9
bouirlais,bouillais,bouillir,"(0, 1, 0)",1,9
chalriais,charriais,charrier,"(0, 1, 0)",1,9
chavilait,chavirait,chavirer,"(0, 1, 0)",1,9
gngocchis,gnocchis,gnocchis,"(0, 1, 0)",1,9
goélagnds,goélands,goélands,"(0, 1, 0)",1,9
gourmagnd,gourmand,gourmand,"(0, 1, 0)",1,9
gowrmette,gourmette,gourmette,"(0, 1, 0)",1,9
glammaire,grammaire,grammaire,"(0, 1, 0)",1,9
gréenents,gréements,gréements,"(0, 1, 0)",1,9
manoeyvre,manoeuvre,manoeuvre,"(0, 1, 0)",1,9
maqwereau,maquereau,maquereau,"(0, 1, 0)",1,9
marmongna,marmonna,marmonner,"(0, 1, 0)",1,9
ngassacre,massacre,massacre,"(0, 1, 0)",1,9
nassicoté,massicoté,massicoté,"(0, 1, 0)",1,9
mastyrber,masturber,masturber,"(0, 1, 0)",1,9
chérwbins,chérubins,chérubins,"(0, 1, 0)",1,9
chevreuir,chevreuil,chevreuil,"(0, 1, 0)",1,9
gigognges,gigognes,gigognes,"(0, 1, 0)",1,9
girowette,girouette,girouette,"(0, 1, 0)",1,9
gisaiengt,gisaient,gésir,"(0, 1, 0)",1,9
jwridique,juridique,juridique,"(0, 1, 0)",1,9
kidgnappe,kidnappe,kidnapper,"(0, 1, 0)",1,9
raconique,laconique,laconique,"(0, 1, 0)",1,9
ramentait,lamentait,lamenter,"(0, 1, 0)",1,9
léthalgie,léthargie,léthargie,"(0, 1, 0)",1,9
lombailes,lombaires,lombaires,"(0, 1, 0)",1,9
rouvoient,louvoient,louvoyer,"(0, 1, 0)",1,9
crassique,classique,classique,"(0, 1, 0)",1,9
cravicule,clavicule,clavicule,"(0, 1, 0)",1,9
cliniqyes,cliniques,clinique,"(0, 1, 0)",1,9
cohérengt,cohérent,cohérent,"(0, 1, 0)",1,9
chagncela,chancela,chanceler,"(0, 1, 0)",1,9
chalnière,charnière,charnière,"(0, 1, 0)",1,9
cognfesse,confesse,confesser,"(0, 1, 0)",1,9
flicassée,fricassée,fricassée,"(0, 1, 0)",1,9
frimoysse,frimousse,frimousse,"(0, 1, 0)",1,9
fripongne,friponne,fripon,"(0, 1, 0)",1,9
gabaldine,gabardine,gabardine,"(0, 1, 0)",1,9
garipette,galipette,galipette,"(0, 1, 0)",1,9
galnement,garnement,garnement,"(0, 1, 0)",1,9
chilurgie,chirurgie,chirurgie,"(0, 1, 0)",1,9
cinqyante,cinquante,cinquante,"(0, 1, 0)",1,9
cisairles,cisailles,cisailles,"(0, 1, 0)",1,9
coingçait,coinçait,coincer,"(0, 1, 0)",1,9
garngison,garnison,garnison,"(0, 1, 0)",1,9
gélatinge,gélatine,gélatine,"(0, 1, 0)",1,9
géméreuse,généreuse,généreux,"(0, 1, 0)",1,9
gemtleman,gentleman,gentleman,"(0, 1, 0)",1,9
géraniyms,géraniums,géraniums,"(0, 1, 0)",1,9
congnecte,connecte,connecter,"(0, 1, 0)",1,9
cognserva,conserva,conserver,"(0, 1, 0)",1,9
cognsigne,consigne,consigner,"(0, 1, 0)",1,9
constitya,constitua,constituer,"(0, 1, 0)",1,9
fognciers,fonciers,foncier,"(0, 1, 0)",1,9
fognction,fonction,fonction,"(0, 1, 0)",1,9
flamboise,framboise,framboise,"(0, 1, 0)",1,9
cognmença,commença,commencer,"(0, 1, 0)",1,9
commengta,commenta,commenter,"(0, 1, 0)",1,9
congmunia,communia,communier,"(0, 1, 0)",1,9
compalait,comparait,comparer,"(0, 1, 0)",1,9
congpatis,compatis,compatir,"(0, 1, 0)",1,9
cognpensa,compensa,compenser,"(0, 1, 0)",1,9
comcevais,concevais,concevoir,"(0, 1, 0)",1,9
cogncocté,concocté,concocter,"(0, 1, 0)",1,9
confélait,conférait,conférer,"(0, 1, 0)",1,9
corronpre,corrompre,corrompre,"(0, 1, 0)",1,9
clépitait,crépitait,crépitait,"(0, 1, 0)",1,9
famtassin,fantassin,fantassin,"(0, 1, 0)",1,9
faliboles,fariboles,fariboles,"(0, 1, 0)",1,9
fatidiqye,fatidique,fatidique,"(0, 1, 0)",1,9
flagrangt,flagrant,flagrant,"(0, 1, 0)",1,9
conflonté,confronté,confronter,"(0, 1, 0)",1,9
imtention,intention,intention,"(0, 1, 0)",1,9
inteldire,interdire,interdire,"(0, 1, 0)",1,9
intelroge,interroge,interroger,"(0, 1, 0)",1,9
invoqwait,invoquait,invoquer,"(0, 1, 0)",1,9
collatiom,collation,collation,"(0, 1, 0)",1,9
collisiom,collision,collision,"(0, 1, 0)",1,9
commotiom,commotion,commotion,"(0, 1, 0)",1,9
cognpagne,compagne,compagne,"(0, 1, 0)",1,9
conjyguer,conjuguer,conjuguer,"(0, 1, 0)",1,9
étincerle,étincelle,étincelle,"(0, 1, 0)",1,9
étreignte,étreinte,étreinte,"(0, 1, 0)",1,9
évidengte,évidente,évident,"(0, 1, 0)",1,9
cognteste,conteste,contester,"(0, 1, 0)",1,9
conpétent,compétent,compétent,"(0, 1, 0)",1,9
imdulgent,indulgent,indulgent,"(0, 1, 0)",1,9
inghibant,inhibant,inhiber,"(0, 1, 0)",1,9
instluire,instruire,instruire,"(0, 1, 0)",1,9
congplice,complice,complice,"(0, 1, 0)",1,9
conpromet,compromet,compromettre,"(0, 1, 0)",1,9
computels,computers,computers,"(0, 1, 0)",1,9
concomble,concombre,concombre,"(0, 1, 0)",1,9
comcubine,concubine,concubine,"(0, 1, 0)",1,9
contlaste,contraste,contraste,"(0, 1, 0)",1,9
congverse,converse,converser,"(0, 1, 0)",1,9
congvoqua,convoqua,convoquer,"(0, 1, 0)",1,9
hélissait,hérissait,hérisser,"(0, 1, 0)",1,9
déplolait,déplorait,déplorer,"(0, 1, 0)",1,9
délogeait,dérogeait,déroger,"(0, 1, 0)",1,9
espéramto,espéranto,espéranto,"(0, 1, 0)",1,9
espranade,esplanade,esplanade,"(0, 1, 0)",1,9
esquignau,esquimau,esquimau,"(0, 1, 0)",1,9
cweillait,cueillait,cueillir,"(0, 1, 0)",1,9
cwlinaire,culinaire,culinaire,"(0, 1, 0)",1,9
curminant,culminant,culminer,"(0, 1, 0)",1,9
cwltivait,cultivait,cultiver,"(0, 1, 0)",1,9
damdinait,dandinait,dandiner,"(0, 1, 0)",1,9
davamtage,davantage,davantage,"(0, 1, 0)",1,9
débusquel,débusquer,débusquer,"(0, 1, 0)",1,9
décingant,décimant,décimer,"(0, 1, 0)",1,9
défalquel,défalquer,défalquer,"(0, 1, 0)",1,9
estangpes,estampes,estampe,"(0, 1, 0)",1,9
entletien,entretien,entretien,"(0, 1, 0)",1,9
envelgure,envergure,envergure,"(0, 1, 0)",1,9
épaggneul,épagneul,épagneul,"(0, 1, 0)",1,9
défoylait,défoulait,défouler,"(0, 1, 0)",1,9
dégringue,déglingue,déglinguer,"(0, 1, 0)",1,9
dégwisait,déguisait,déguiser,"(0, 1, 0)",1,9
dérectait,délectait,délecter,"(0, 1, 0)",1,9
cognfetti,confetti,confetti,"(0, 1, 0)",1,9
impostewr,imposteur,imposteur,"(0, 1, 0)",1,9
inprimait,imprimait,imprimer,"(0, 1, 0)",1,9
inprovise,improvise,improviser,"(0, 1, 0)",1,9
ingcinéré,incinéré,incinérer,"(0, 1, 0)",1,9
igncitait,incitait,inciter,"(0, 1, 0)",1,9
imcombait,incombait,incomber,"(0, 1, 0)",1,9
igncongru,incongru,incongru,"(0, 1, 0)",1,9
incylquer,inculquer,inculquer,"(0, 1, 0)",1,9
éloquegnt,éloquent,éloquent,"(0, 1, 0)",1,9
emblasure,embrasure,embrasure,"(0, 1, 0)",1,9
engbûches,embûches,embûches,"(0, 1, 0)",1,9
égneraude,émeraude,émeraude,"(0, 1, 0)",1,9
désornais,désormais,désormais,"(0, 1, 0)",1,9
dételmine,détermine,déterminer,"(0, 1, 0)",1,9
diffélait,différait,différer,"(0, 1, 0)",1,9
houspirla,houspilla,houspiller,"(0, 1, 0)",1,9
idegntité,identité,identité,"(0, 1, 0)",1,9
illusiogn,illusion,illusion,"(0, 1, 0)",1,9
ignmeuble,immeuble,immeuble,"(0, 1, 0)",1,9
ignmunité,immunité,immunité,"(0, 1, 0)",1,9
goulaient,gouraient,gourer,"(0, 1, 0)",1,9
gliffonne,griffonne,griffonner,"(0, 1, 0)",1,9
émussengt,émussent,émouvoir,"(0, 1, 0)",1,9
engtrepôt,entrepôt,entrepôt,"(0, 1, 0)",1,9
engchanta,enchanta,enchanter,"(0, 1, 0)",1,9
encognbre,encombre,encombrer,"(0, 1, 0)",1,9
distingct,distinct,distinct,"(0, 1, 0)",1,9
distlaits,distraits,distraire,"(0, 1, 0)",1,9
docungent,document,document,"(0, 1, 0)",1,9
dygnastie,dynastie,dynastie,"(0, 1, 0)",1,9
ecchumose,ecchymose,ecchymose,"(0, 1, 0)",1,9
écoutirle,écoutille,écoutille,"(0, 1, 0)",1,9
dissimyla,dissimula,dissimuler,"(0, 1, 0)",1,9
dissyader,dissuader,dissuader,"(0, 1, 0)",1,9
distribwa,distribua,distribuer,"(0, 1, 0)",1,9
dyspholie,dysphorie,dysphorie,"(0, 1, 0)",1,9
écolchait,écorchait,écorcher,"(0, 1, 0)",1,9
éclevisse,écrevisse,écrevisse,"(0, 1, 0)",1,9
élastiqwe,élastique,élastique,"(0, 1, 0)",1,9
éléphagnt,éléphant,éléphant,"(0, 1, 0)",1,9
diapasong,diapason,diapason,"(0, 1, 0)",1,9
difficire,difficile,difficile,"(0, 1, 0)",1,9
dimangche,dimanche,dimanche,"(0, 1, 0)",1,9
dimosaure,dinosaure,dinosaure,"(0, 1, 0)",1,9
diplonate,diplomate,diplomate,"(0, 1, 0)",1,9
dispalate,disparate,disparate,"(0, 1, 0)",1,9
halaiengt,halaient,haler,"(0, 1, 0)",1,9
harlucine,hallucine,halluciner,"(0, 1, 0)",1,9
hamtaient,hantaient,hanter,"(0, 1, 0)",1,9
halcelais,harcelais,harceler,"(0, 1, 0)",1,9
hégénonie,hégémonie,hégémonie,"(0, 1, 0)",1,9
consensws,consensus,consensus,"(0, 1, 0)",1,9
comsonnes,consonnes,consonne,"(0, 1, 0)",1,9
flicotais,fricotais,fricoter,"(0, 1, 0)",1,9
frigngant,fringant,fringant,"(0, 1, 0)",1,9
floissais,froissais,froisser,"(0, 1, 0)",1,9
despelado,desperado,desperado,"(0, 1, 0)",1,9
détliment,détriment,détriment,"(0, 1, 0)",1,9
diagonare,diagonale,diagonale,"(0, 1, 0)",1,9
engseigna,enseigna,enseigner,"(0, 1, 0)",1,9
emtérinée,entérinée,entériner,"(0, 1, 0)",1,9
entlechat,entrechat,entrechat,"(0, 1, 0)",1,9
enveroppe,enveloppe,enveloppe,"(0, 1, 0)",1,9
flontière,frontière,frontière,"(0, 1, 0)",1,9
ganggrène,gangrène,gangrène,"(0, 1, 0)",1,9
gégnocide,génocide,génocide,"(0, 1, 0)",1,9
copylight,copyright,copyright,"(0, 1, 0)",1,9
corbeirle,corbeille,corbeille,"(0, 1, 0)",1,9
épamchant,épanchant,épancher,"(0, 1, 0)",1,9
éplychait,épluchait,éplucher,"(0, 1, 0)",1,9
épowillés,épouillés,épouillés,"(0, 1, 0)",1,9
diangètre,diamètre,diamètre,"(0, 1, 0)",1,9
éructangt,éructant,éructer,"(0, 1, 0)",1,9
coltisone,cortisone,cortisone,"(0, 1, 0)",1,9
franquait,flanquait,flanquer,"(0, 1, 0)",1,9
flippagnt,flippant,flipper,"(0, 1, 0)",1,9
foyrvoyés,fourvoyés,fourvoyer,"(0, 1, 0)",1,9
coyleuvre,couleuvre,couleuvre,"(0, 1, 0)",1,9
couvercre,couvercle,couvercle,"(0, 1, 0)",1,9
crangoisi,cramoisi,cramoisi,"(0, 1, 0)",1,9
cressogns,cressons,cressons,"(0, 1, 0)",1,9
clevasses,crevasses,crevasse,"(0, 1, 0)",1,9
exagélait,exagérait,exagérer,"(0, 1, 0)",1,9
excerlait,excellait,exceller,"(0, 1, 0)",1,9
esquimter,esquinter,esquinter,"(0, 1, 0)",1,9
essoragnt,essorant,essorer,"(0, 1, 0)",1,9
étiqwette,étiquette,étiquette,"(0, 1, 0)",1,9
delrières,derrières,derrière,"(0, 1, 0)",1,9
poulliche,pourliche,pourliche,"(0, 1, 0)",1,9
powssière,poussière,poussière,"(0, 1, 0)",1,9
préarable,préalable,préalable,"(0, 1, 0)",1,9
plimevère,primevère,primevère,"(0, 1, 0)",1,9
primtemps,printemps,printemps,"(0, 1, 0)",1,9
privirège,privilège,privilège,"(0, 1, 0)",1,9
plocessus,processus,processus,"(0, 1, 0)",1,9
profwsion,profusion,profusion,"(0, 1, 0)",1,9
pyragnide,pyramide,pyramide,"(0, 1, 0)",1,9
stipylait,stipulait,stipuler,"(0, 1, 0)",1,9
stlucture,structure,structure,"(0, 1, 0)",1,9
syffocant,suffocant,suffoquer,"(0, 1, 0)",1,9
appemdice,appendice,appendice,"(0, 1, 0)",1,9
araigngée,araignée,araignée,"(0, 1, 0)",1,9
almistice,armistice,armistice,"(0, 1, 0)",1,9
altefacts,artefacts,artefacts,"(0, 1, 0)",1,9
souirlait,souillait,souiller,"(0, 1, 0)",1,9
sorlicite,sollicite,solliciter,"(0, 1, 0)",1,9
sitwaient,situaient,situer,"(0, 1, 0)",1,9
singulant,simulant,simuler,"(0, 1, 0)",1,9
agntilope,antilope,antilope,"(0, 1, 0)",1,9
agnémones,anémones,anémone,"(0, 1, 0)",1,9
angecdote,anecdote,anecdote,"(0, 1, 0)",1,9
andouirle,andouille,andouille,"(0, 1, 0)",1,9
angatomie,anatomie,anatomie,"(0, 1, 0)",1,9
anbassade,ambassade,ambassade,"(0, 1, 0)",1,9
tétaiengt,tétaient,téter,"(0, 1, 0)",1,9
tempélées,tempérées,tempérer,"(0, 1, 0)",1,9
swstentés,sustentés,sustenter,"(0, 1, 0)",1,9
mahalajah,maharajah,maharajah,"(0, 1, 0)",1,9
tortirlais,tortillais,tortiller,"(0, 1, 0)",1,10
agnéthyste,améthyste,améthyste,"(0, 1, 0)",1,10
aningosité,animosité,animosité,"(0, 1, 0)",1,10
provisiong,provision,provision,"(0, 1, 0)",1,10
plovisoire,provisoire,provisoire,"(0, 1, 0)",1,10
volontiels,volontiers,volontiers,"(0, 1, 0)",1,10
acadégnies,académies,académie,"(0, 1, 0)",1,10
accessoile,accessoire,accessoire,"(0, 1, 0)",1,10
acoystique,acoustique,acoustique,"(0, 1, 0)",1,10
trifouirle,trifouille,trifouille,"(0, 1, 0)",1,10
tlimbalait,trimbalait,trimbaler,"(0, 1, 0)",1,10
exceptangt,exceptant,excepter,"(0, 1, 0)",1,10
excitaiemt,excitaient,exciter,"(0, 1, 0)",1,10
exelçaient,exerçaient,exercer,"(0, 1, 0)",1,10
exhibaiemt,exhibaient,exhiber,"(0, 1, 0)",1,10
extergniné,exterminé,exterminer,"(0, 1, 0)",1,10
décognbres,décombres,décombres,"(0, 1, 0)",1,10
farfowilla,farfouilla,farfouiller,"(0, 1, 0)",1,10
frambaient,flambaient,flamber,"(0, 1, 0)",1,10
fratulence,flatulence,flatulence,"(0, 1, 0)",1,10
fondegnent,fondement,fondement,"(0, 1, 0)",1,10
crépuscure,crépuscule,crépuscule,"(0, 1, 0)",1,10
étleignait,étreignait,étreindre,"(0, 1, 0)",1,10
étregnnant,étrennant,étrenner,"(0, 1, 0)",1,10
désinvorte,désinvolte,désinvolte,"(0, 1, 0)",1,10
diagmostic,diagnostic,diagnostic,"(0, 1, 0)",1,10
enfleindre,enfreindre,enfreindre,"(0, 1, 0)",1,10
fulnginait,fulminait,fulminer,"(0, 1, 0)",1,10
gawssaient,gaussaient,gausser,"(0, 1, 0)",1,10
geigmaient,geignaient,geindre,"(0, 1, 0)",1,10
géngérique,générique,générique,"(0, 1, 0)",1,10
comtingent,contingent,contingent,"(0, 1, 0)",1,10
coqueruche,coqueluche,coqueluche,"(0, 1, 0)",1,10
corbirlard,corbillard,corbillard,"(0, 1, 0)",1,10
cormorangs,cormorans,cormorans,"(0, 1, 0)",1,10
corneirles,corneilles,corneilles,"(0, 1, 0)",1,10
corngichon,cornichon,cornichon,"(0, 1, 0)",1,10
correspomd,correspond,correspondre,"(0, 1, 0)",1,10
épowsseter,épousseter,épousseter,"(0, 1, 0)",1,10
épyisaient,épuisaient,épuiser,"(0, 1, 0)",1,10
diaphlagme,diaphragme,diaphragme,"(0, 1, 0)",1,10
dingension,dimension,dimension,"(0, 1, 0)",1,10
disciprine,discipline,discipline,"(0, 1, 0)",1,10
disponibre,disponible,disponible,"(0, 1, 0)",1,10
gyinguette,guinguette,guinguette,"(0, 1, 0)",1,10
congscient,conscient,conscient,"(0, 1, 0)",1,10
conséqwent,conséquent,conséquent,"(0, 1, 0)",1,10
consortiun,consortium,consortium,"(0, 1, 0)",1,10
cogntinent,continent,continent,"(0, 1, 0)",1,10
fledonnait,fredonnait,fredonner,"(0, 1, 0)",1,10
dissidemte,dissidente,dissidente,"(0, 1, 0)",1,10
émagnaient,émanaient,émaner,"(0, 1, 0)",1,10
egnpêtrait,empêtrait,empêtrer,"(0, 1, 0)",1,10
empifflais,empiffrais,empiffrer,"(0, 1, 0)",1,10
dusenterie,dysenterie,dysenterie,"(0, 1, 0)",1,10
écarquirle,écarquille,écarquiller,"(0, 1, 0)",1,10
échamcrées,échancrées,échancrer,"(0, 1, 0)",1,10
engplettes,emplettes,emplettes,"(0, 1, 0)",1,10
devemaient,devenaient,devenir,"(0, 1, 0)",1,10
hermétiqye,hermétique,hermétique,"(0, 1, 0)",1,10
hiélarchie,hiérarchie,hiérarchie,"(0, 1, 0)",1,10
hugniliant,humiliant,humilier,"(0, 1, 0)",1,10
hwpothèque,hypothèque,hypothèque,"(0, 1, 0)",1,10
illustramt,illustrant,illustrer,"(0, 1, 0)",1,10
gouvelnait,gouvernait,gouverner,"(0, 1, 0)",1,10
grésirlait,grésillait,grésiller,"(0, 1, 0)",1,10
gribouirlé,gribouillé,gribouiller,"(0, 1, 0)",1,10
guirlotine,guillotine,guillotine,"(0, 1, 0)",1,10
dirapidait,dilapidait,dilapider,"(0, 1, 0)",1,10
dimignuait,diminuait,diminuer,"(0, 1, 0)",1,10
disseltent,dissertent,disserter,"(0, 1, 0)",1,10
engpreinte,empreinte,empreinte,"(0, 1, 0)",1,10
ensengbles,ensembles,ensemble,"(0, 1, 0)",1,10
emtrailles,entrailles,entrailles,"(0, 1, 0)",1,10
entleprise,entreprise,entreprendre,"(0, 1, 0)",1,10
comfection,confection,confection,"(0, 1, 0)",1,10
comférence,conférence,conférence,"(0, 1, 0)",1,10
impeccabre,impeccable,impeccable,"(0, 1, 0)",1,10
impriquait,impliquait,impliquer,"(0, 1, 0)",1,10
igncognito,incognito,incognito,"(0, 1, 0)",1,10
incrystait,incrustait,incruster,"(0, 1, 0)",1,10
dégnonçait,dénonçait,dénoncer,"(0, 1, 0)",1,10
escalatols,escalators,escalators,"(0, 1, 0)",1,10
escarpigns,escarpins,escarpins,"(0, 1, 0)",1,10
esclangdre,esclandre,esclandre,"(0, 1, 0)",1,10
escogliffe,escogriffe,escogriffe,"(0, 1, 0)",1,10
estanginet,estaminet,estaminet,"(0, 1, 0)",1,10
décadegnte,décadente,décadent,"(0, 1, 0)",1,10
eucalwptus,eucalyptus,eucalyptus,"(0, 1, 0)",1,10
évégnement,événement,évènement,"(0, 1, 0)",1,10
évegntaire,éventaire,éventaire,"(0, 1, 0)",1,10
excléments,excréments,excrément,"(0, 1, 0)",1,10
expélience,expérience,expérience,"(0, 1, 0)",1,10
extérieyre,extérieure,extérieur,"(0, 1, 0)",1,10
compatibre,compatible,compatible,"(0, 1, 0)",1,10
conplément,complément,complément,"(0, 1, 0)",1,10
imjonction,injonction,injonction,"(0, 1, 0)",1,10
igntendant,intendant,intendant,"(0, 1, 0)",1,10
compriment,compliment,compliment,"(0, 1, 0)",1,10
congcierge,concierge,concierge,"(0, 1, 0)",1,10
cogndition,condition,condition,"(0, 1, 0)",1,10
congtracte,contracte,contracter,"(0, 1, 0)",1,10
clispaient,crispaient,crisper,"(0, 1, 0)",1,10
famtaisies,fantaisies,fantaisie,"(0, 1, 0)",1,10
fangtasque,fantasque,fantasque,"(0, 1, 0)",1,10
firngament,firmament,firmament,"(0, 1, 0)",1,10
conglatula,congratula,congratuler,"(0, 1, 0)",1,10
colingaçon,colimaçon,colimaçon,"(0, 1, 0)",1,10
intelpella,interpella,interpeller,"(0, 1, 0)",1,10
intelprète,interprète,interprète/r,"(0, 1, 0)",1,10
igntuition,intuition,intuition,"(0, 1, 0)",1,10
imventaire,inventaire,inventaire,"(0, 1, 0)",1,10
collusiogn,collusion,collusion,"(0, 1, 0)",1,10
commissule,commissure,commissure,"(0, 1, 0)",1,10
cognparses,comparses,comparse,"(0, 1, 0)",1,10
congsidéra,considéra,considérer,"(0, 1, 0)",1,10
cognsterné,consterné,consterner,"(0, 1, 0)",1,10
constluire,construire,construire,"(0, 1, 0)",1,10
congtempla,contempla,contempler,"(0, 1, 0)",1,10
commwniqua,communiqua,communiquer,"(0, 1, 0)",1,10
cognfisque,confisque,confisquer,"(0, 1, 0)",1,10
funagnbule,funambule,funambule,"(0, 1, 0)",1,10
circogncit,circoncit,circoncire,"(0, 1, 0)",1,10
clinqyants,clinquants,clinquant,"(0, 1, 0)",1,10
combwstion,combustion,combustion,"(0, 1, 0)",1,10
gingengbre,gingembre,gingembre,"(0, 1, 0)",1,10
césariemne,césarienne,césarienne,"(0, 1, 0)",1,10
lublifient,lubrifient,lubrifier,"(0, 1, 0)",1,10
crandestin,clandestin,clandestin,"(0, 1, 0)",1,10
crarinette,clarinette,clarinette,"(0, 1, 0)",1,10
crématites,clématites,clématites,"(0, 1, 0)",1,10
coccimelle,coccinelle,coccinelle,"(0, 1, 0)",1,10
chamairler,chamailler,chamailler,"(0, 1, 0)",1,10
chapaldait,chapardait,chaparder,"(0, 1, 0)",1,10
chatoyille,chatouille,chatouille,"(0, 1, 0)",1,10
gloutongne,gloutonne,glouton,"(0, 1, 0)",1,10
gramingées,graminées,graminées,"(0, 1, 0)",1,10
grenouirle,grenouille,grenouille,"(0, 1, 0)",1,10
maquirlait,maquillait,maquiller,"(0, 1, 0)",1,10
chimpagnzé,chimpanzé,chimpanzé,"(0, 1, 0)",1,10
choucloute,choucroute,choucroute,"(0, 1, 0)",1,10
chlysalide,chrysalide,chrysalide,"(0, 1, 0)",1,10
cignetière,cimetière,cimetière,"(0, 1, 0)",1,10
citrouirle,citrouille,citrouille,"(0, 1, 0)",1,10
bredouirle,bredouille,bredouille,"(0, 1, 0)",1,10
calcingées,calcinées,calciner,"(0, 1, 0)",1,10
calicature,caricature,caricature,"(0, 1, 0)",1,10
cepengdant,cependant,cependant,"(0, 1, 0)",1,10
groseirles,groseilles,groseilles,"(0, 1, 0)",1,10
guérirlero,guérillero,guérillero,"(0, 1, 0)",1,10
gwillemets,guillemets,guillemets,"(0, 1, 0)",1,10
harlebarde,hallebarde,hallebarde,"(0, 1, 0)",1,10
battaiegnt,battaient,battre,"(0, 1, 0)",1,10
boyleversa,bouleversa,bouleverser,"(0, 1, 0)",1,10
bowrsoufle,boursoufle,boursoufler,"(0, 1, 0)",1,10
bracomnait,braconnait,braconner,"(0, 1, 0)",1,10
attegntion,attention,attention,"(0, 1, 0)",1,10
augnentait,augmentait,augmenter,"(0, 1, 0)",1,10
aytorisait,autorisait,autoriser,"(0, 1, 0)",1,10
mérancolie,mélancolie,mélancolie,"(0, 1, 0)",1,10
molfondait,morfondait,morfondre,"(0, 1, 0)",1,10
mouillongs,mouillons,mouillons,"(0, 1, 0)",1,10
gnagistral,magistral,magistral,"(0, 1, 0)",1,10
gnagistrat,magistrat,magistrat,"(0, 1, 0)",1,10
mangifeste,manifeste,manifeste,"(0, 1, 0)",1,10
mangigance,manigance,manigance,"(0, 1, 0)",1,10
haragngues,harangues,harangue,"(0, 1, 0)",1,10
hécatongbe,hécatombe,hécatombe,"(0, 1, 0)",1,10
hironderle,hirondelle,hirondelle,"(0, 1, 0)",1,10
horocauste,holocauste,holocauste,"(0, 1, 0)",1,10
atlophiées,atrophiées,atrophier,"(0, 1, 0)",1,10
attengtais,attentais,attentais,"(0, 1, 0)",1,10
honolaires,honoraires,honoraires,"(0, 1, 0)",1,10
holtensias,hortensias,hortensias,"(0, 1, 0)",1,10
applivoisé,apprivoisé,apprivoiser,"(0, 1, 0)",1,10
approyvait,approuvait,approuvait,"(0, 1, 0)",1,10
noncharant,nonchalant,nonchalant,"(0, 1, 0)",1,10
obtiendlai,obtiendrai,obtiendrai,"(0, 1, 0)",1,10
châtaigmes,châtaignes,châtaigne,"(0, 1, 0)",1,10
approwvant,approuvant,approuvant,"(0, 1, 0)",1,10
applouvons,approuvons,approuvons,"(0, 1, 0)",1,10
alboraient,arboraient,arborer,"(0, 1, 0)",1,10
ingpétueux,impétueux,impétueux,"(0, 1, 0)",1,10
ignplicite,implicite,implicite,"(0, 1, 0)",1,10
implesario,impresario,impresario,"(0, 1, 0)",1,10
implésario,imprésario,imprésario,"(0, 1, 0)",1,10
implession,impression,impression,"(0, 1, 0)",1,10
incaltades,incartades,incartades,"(0, 1, 0)",1,10
ingcidente,incidente,incident,"(0, 1, 0)",1,10
ingdustrie,industrie,industrie,"(0, 1, 0)",1,10
obtiemnent,obtiennent,obtiennent,"(0, 1, 0)",1,10
ongctueuse,onctueuse,onctueux,"(0, 1, 0)",1,10
pairlettes,paillettes,paillette,"(0, 1, 0)",1,10
chalugneau,chalumeau,chalumeau,"(0, 1, 0)",1,10
changpagne,champagne,champagne,"(0, 1, 0)",1,10
gnéanmoins,néanmoins,néanmoins,"(0, 1, 0)",1,10
imfanterie,infanterie,infanterie,"(0, 1, 0)",1,10
ignfarctus,infarctus,infarctus,"(0, 1, 0)",1,10
admimistré,administré,administrer,"(0, 1, 0)",1,10
affirnerai,affirmerai,affirmerai,"(0, 1, 0)",1,10
ignnocents,innocents,innocent,"(0, 1, 0)",1,10
insidiewse,insidieuse,insidieux,"(0, 1, 0)",1,10
vaudevirle,vaudeville,vaudeville,"(0, 1, 0)",1,10
caystiques,caustiques,caustique,"(0, 1, 0)",1,10
patlouille,patrouille,patrouille,"(0, 1, 0)",1,10
pégnitents,pénitents,pénitent,"(0, 1, 0)",1,10
péliphérie,périphérie,périphérie,"(0, 1, 0)",1,10
permangent,permanent,permanent,"(0, 1, 0)",1,10
pelpétrait,perpétrait,perpétrer,"(0, 1, 0)",1,10
pelsévérer,persévérer,persévérer,"(0, 1, 0)",1,10
obtiendlez,obtiendrez,obtiendrez,"(0, 1, 0)",1,10
intervarle,intervalle,intervalle,"(0, 1, 0)",1,10
imterviens,interviens,intervenir,"(0, 1, 0)",1,10
labylinthe,labyrinthe,labyrinthe,"(0, 1, 0)",1,10
turbulengt,turbulent,turbulent,"(0, 1, 0)",1,10
umiversité,université,université,"(0, 1, 0)",1,10
lendengain,lendemain,lendemain,"(0, 1, 0)",1,10
lesbiengne,lesbienne,lesbienne,"(0, 1, 0)",1,10
lieutemant,lieutenant,lieutenant,"(0, 1, 0)",1,10
tlansistor,transistor,transistor,"(0, 1, 0)",1,10
tlaquenard,traquenard,traquenard,"(0, 1, 0)",1,10
tloglodyte,troglodyte,troglodyte,"(0, 1, 0)",1,10
gnacchabée,macchabée,macchabée,"(0, 1, 0)",1,10
ngagnanime,magnanime,magnanime,"(0, 1, 0)",1,10
majyscules,majuscules,majuscule,"(0, 1, 0)",1,10
mandlagore,mandragore,mandragore,"(0, 1, 0)",1,10
piaffaiemt,piaffaient,piaffer,"(0, 1, 0)",1,10
pléservait,préservait,préserver,"(0, 1, 0)",1,10
catégolies,catégories,catégorie,"(0, 1, 0)",1,10
cathédlale,cathédrale,cathédrale,"(0, 1, 0)",1,10
tintamalre,tintamarre,tintamarre,"(0, 1, 0)",1,10
tourbillom,tourbillon,tourbillon,"(0, 1, 0)",1,10
tranquirle,tranquille,tranquille,"(0, 1, 0)",1,10
mansyétude,mansuétude,mansuétude,"(0, 1, 0)",1,10
ngarmelade,marmelade,marmelade,"(0, 1, 0)",1,10
gnarsouins,marsouins,marsouins,"(0, 1, 0)",1,10
techmiques,techniques,techniques,"(0, 1, 0)",1,10
tentacyles,tentacules,tentacules,"(0, 1, 0)",1,10
testamengt,testament,testament,"(0, 1, 0)",1,10
testicures,testicules,testicules,"(0, 1, 0)",1,10
taciturnge,taciturne,taciturne,"(0, 1, 0)",1,10
capharnaün,capharnaüm,capharnaüm,"(0, 1, 0)",1,10
prêtaiengt,prêtaient,prêtaient,"(0, 1, 0)",1,10
plofessait,professait,professait,"(0, 1, 0)",1,10
carlinggue,carlingue,carlingue,"(0, 1, 0)",1,10
phargnacie,pharmacie,pharmacie,"(0, 1, 0)",1,10
talentules,tarentules,tarentules,"(0, 1, 0)",1,10
ménestlels,ménestrels,ménestrels,"(0, 1, 0)",1,10
melcenaire,mercenaire,mercenaire,"(0, 1, 0)",1,10
mélidienne,méridienne,méridienne,"(0, 1, 0)",1,10
méthadogne,méthadone,méthadone,"(0, 1, 0)",1,10
stigngates,stigmates,stigmates,"(0, 1, 0)",1,10
stlapontin,strapontin,strapontin,"(0, 1, 0)",1,10
swccursale,succursale,succursale,"(0, 1, 0)",1,10
syperficie,superficie,superficie,"(0, 1, 0)",1,10
sulprenais,surprenais,surprendre,"(0, 1, 0)",1,10
gnirabelle,mirabelle,mirabelle,"(0, 1, 0)",1,10
mocassigns,mocassins,mocassins,"(0, 1, 0)",1,10
lachitique,rachitique,rachitique,"(0, 1, 0)",1,10
caowtchouc,caoutchouc,caoutchouc,"(0, 1, 0)",1,10
spectateul,spectateur,spectateur,"(0, 1, 0)",1,10
gnoustache,moustache,moustache,"(0, 1, 0)",1,10
shampoingg,shampoing,shampoing,"(0, 1, 0)",1,10
simgulière,singulière,singulier,"(0, 1, 0)",1,10
solengnité,solennité,solennité,"(0, 1, 0)",1,10
sognmaires,sommaires,sommaires,"(0, 1, 0)",1,10
somptyeuse,somptueuse,somptueux,"(0, 1, 0)",1,10
naphtarine,naphtaline,naphtaline,"(0, 1, 0)",1,10
sémignaire,séminaire,séminaire,"(0, 1, 0)",1,10
paissaiemt,paissaient,paître,"(0, 1, 0)",1,10
paludisnge,paludisme,paludisme,"(0, 1, 0)",1,10
scarratine,scarlatine,scarlatine,"(0, 1, 0)",1,10
seclétaire,secrétaire,secrétaire,"(0, 1, 0)",1,10
renfrouent,renflouent,renflouer,"(0, 1, 0)",1,10
rengfrogna,renfrogna,renfrogner,"(0, 1, 0)",1,10
prostityée,prostituée,prostituer,"(0, 1, 0)",1,10
sédemtaire,sédentaire,sédentaire,"(0, 1, 0)",1,10
papirlotes,papillotes,papillotes,"(0, 1, 0)",1,10
palamètres,paramètres,paramètres,"(0, 1, 0)",1,10
palenthèse,parenthèse,parenthèse,"(0, 1, 0)",1,10
paroxysnge,paroxysme,paroxysme,"(0, 1, 0)",1,10
parpainggs,parpaings,parpaings,"(0, 1, 0)",1,10
paltenaire,partenaire,partenaire,"(0, 1, 0)",1,10
patlimoine,patrimoine,patrimoine,"(0, 1, 0)",1,10
pawpiettes,paupiettes,paupiettes,"(0, 1, 0)",1,10
lessassait,ressassait,ressasser,"(0, 1, 0)",1,10
restaiengt,restaient,restaient,"(0, 1, 0)",1,10
lestituait,restituait,restituer,"(0, 1, 0)",1,10
borcheviks,bolcheviks,bolchevik,"(0, 1, 0)",1,10
bourgognge,bourgogne,bourgogne,"(0, 1, 0)",1,10
bowrrasque,bourrasque,bourrasque,"(0, 1, 0)",1,10
salcophage,sarcophage,sarcophage,"(0, 1, 0)",1,10
satisfaile,satisfaire,satisfaire,"(0, 1, 0)",1,10
pelspicace,perspicace,perspicace,"(0, 1, 0)",1,10
peltinente,pertinente,pertinent,"(0, 1, 0)",1,10
rudimengts,rudiments,rudiment,"(0, 1, 0)",1,10
phéngomène,phénomène,phénomène,"(0, 1, 0)",1,10
phiratélie,philatélie,philatélie,"(0, 1, 0)",1,10
lépertoire,répertoire,répertoire,"(0, 1, 0)",1,10
répwblique,république,république,"(0, 1, 0)",1,10
léverbères,réverbères,réverbère,"(0, 1, 0)",1,10
rhétoriqye,rhétorique,rhétorique,"(0, 1, 0)",1,10
lhinocéros,rhinocéros,rhinocéros,"(0, 1, 0)",1,10
lecevaient,recevaient,recevoir,"(0, 1, 0)",1,10
réciproqye,réciproque,réciproque,"(0, 1, 0)",1,10
awxiliaire,auxiliaire,auxiliaire,"(0, 1, 0)",1,10
avalangche,avalanche,avalanche,"(0, 1, 0)",1,10
balivelnes,balivernes,balivernes,"(0, 1, 0)",1,10
beawjolais,beaujolais,beaujolais,"(0, 1, 0)",1,10
référendym,référendum,référendum,"(0, 1, 0)",1,10
porcelaime,porcelaine,porcelaine,"(0, 1, 0)",1,10
postélieur,postérieur,postérieur,"(0, 1, 0)",1,10
prorétaire,prolétaire,prolétaire,"(0, 1, 0)",1,10
stagmaient,stagnaient,stagner,"(0, 1, 0)",1,10
syintaient,suintaient,suinter,"(0, 1, 0)",1,10
apocarypse,apocalypse,apocalypse,"(0, 1, 0)",1,10
alchitecte,architecte,architecte,"(0, 1, 0)",1,10
artichawts,artichauts,artichaut,"(0, 1, 0)",1,10
revendiqye,revendique,revendiquer,"(0, 1, 0)",1,10
qwelconque,quelconque,quelconque,"(0, 1, 0)",1,10
qwiproquos,quiproquos,quiproquos,"(0, 1, 0)",1,10
labougries,rabougries,rabougries,"(0, 1, 0)",1,10
plomouvoir,promouvoir,promouvoir,"(0, 1, 0)",1,10
prognostic,pronostic,pronostic,"(0, 1, 0)",1,10
propemsion,propension,propension,"(0, 1, 0)",1,10
proportiom,proportion,proportion,"(0, 1, 0)",1,10
providemce,providence,providence,"(0, 1, 0)",1,10
trucidagnt,trucidant,trucider,"(0, 1, 0)",1,10
vadrouirle,vadrouille,vadrouille,"(0, 1, 0)",1,10
valdinggue,valdingue,valdingue,"(0, 1, 0)",1,10
arlégories,allégories,allégorie,"(0, 1, 0)",1,10
adrénarine,adrénaline,adrénaline,"(0, 1, 0)",1,10
vagntaient,vantaient,vanter,"(0, 1, 0)",1,10
veirlaient,veillaient,veiller,"(0, 1, 0)",1,10
vegndanges,vendanges,vendanges,"(0, 1, 0)",1,10