Pseudoword,Word,Lemma,Levenshtein_Distance,prs,n_morphemes,Length
angazone,amazone,amazone,6,"(0, 1, 0)",1,8
alowette,alouette,alouette,7,"(0, 1, 0)",1,8
allysion,allusion,allusion,8,"(0, 1, 0)",1,8
absuldes,absurdes,absurde,7,"(0, 1, 0)",1,8
absoudle,absoudre,absoudre,6,"(0, 1, 0)",1,8
pouriche,pouliche,pouliche,7,"(0, 1, 0)",1,8
pouberle,poubelle,poubelle,7,"(0, 1, 0)",1,8
poternge,poterne,poterne,6,"(0, 1, 0)",1,8
possibre,possible,possible,7,"(0, 1, 0)",1,8
poperine,popeline,popeline,7,"(0, 1, 0)",1,8
porisson,polisson,polisson,7,"(0, 1, 0)",1,8
poitline,poitrine,poitrine,7,"(0, 1, 0)",1,8
poitlail,poitrail,poitrail,7,"(0, 1, 0)",1,8
poileaux,poireaux,poireau,6,"(0, 1, 0)",1,8
poignçon,poinçon,poinçon,5,"(0, 1, 0)",1,8
platinge,platine,platine,7,"(0, 1, 0)",1,8
expliqwa,expliqua,expliquer,7,"(0, 1, 0)",1,8
torpirle,torpille,torpille,7,"(0, 1, 0)",1,8
torérait,tolérait,tolérer,7,"(0, 1, 0)",1,8
titybait,titubait,tituber,8,"(0, 1, 0)",1,8
tingtait,tintait,tinter,6,"(0, 1, 0)",1,8
telrasse,terrasse,terrasse,8,"(0, 1, 0)",1,8
terminga,termina,terminer,7,"(0, 1, 0)",1,8
tangibre,tangible,tangible,7,"(0, 1, 0)",1,8
angchois,anchois,anchois,6,"(0, 1, 0)",1,8
abdognen,abdomen,abdomen,7,"(0, 1, 0)",1,8
usulpées,usurpées,usurper,8,"(0, 1, 0)",1,8
therngos,thermos,thermo,7,"(0, 1, 0)",1,8
leporter,reporter,reporter,7,"(0, 1, 0)",1,8
gnanager,manager,manager,5,"(0, 1, 0)",1,8
véhicure,véhicule,véhicule,7,"(0, 1, 0)",1,8
angbiant,ambiant,ambiant,7,"(0, 1, 0)",1,8
arsegnic,arsenic,arsenic,7,"(0, 1, 0)",1,8
arsegnal,arsenal,arsenal,7,"(0, 1, 0)",1,8
alrières,arrières,arrière,8,"(0, 1, 0)",1,8
alctique,arctique,arctique,7,"(0, 1, 0)",1,8
éventuer,éventuel,éventuel,7,"(0, 1, 0)",1,8
eupholie,euphorie,euphorie,7,"(0, 1, 0)",1,8
étermuer,éternuer,éternuer,6,"(0, 1, 0)",1,8
étangche,étanche,étanche,7,"(0, 1, 0)",1,8
estlopié,estropié,estropier,7,"(0, 1, 0)",1,8
essoramt,essorant,essorer,8,"(0, 1, 0)",1,8
esqwisse,esquisse,esquisse,8,"(0, 1, 0)",1,8
escraffa,esclaffa,esclaffer,8,"(0, 1, 0)",1,8
escarade,escalade,escalade,8,"(0, 1, 0)",1,8
archiper,archipel,archipel,8,"(0, 1, 0)",1,8
albalète,arbalète,arbalète,8,"(0, 1, 0)",1,8
alaignée,araignée,araignée,8,"(0, 1, 0)",1,8
balafles,balafres,balafre,7,"(0, 1, 0)",1,8
bagwette,baguette,baguette,7,"(0, 1, 0)",1,8
bactélie,bactérie,bactérie,7,"(0, 1, 0)",1,8
babiores,babioles,babioles,6,"(0, 1, 0)",1,8
babignes,babines,babines,6,"(0, 1, 0)",1,8
avirogns,avirons,avirons,6,"(0, 1, 0)",1,8
auvergme,auvergne,auvergne,8,"(0, 1, 0)",1,8
autluche,autruche,autruche,8,"(0, 1, 0)",1,8
awtopsie,autopsie,autopsie,8,"(0, 1, 0)",1,8
ayréoles,auréoles,auréole,7,"(0, 1, 0)",1,8
attlibut,attribut,attribut,7,"(0, 1, 0)",1,8
attityde,attitude,attitude,7,"(0, 1, 0)",1,8
atteimte,atteinte,atteindre,8,"(0, 1, 0)",1,8
assassim,assassin,assassin,8,"(0, 1, 0)",1,8
aspiline,aspirine,aspirine,8,"(0, 1, 0)",1,8
altifice,artifice,artifice,8,"(0, 1, 0)",1,8
basartes,basaltes,basaltes,7,"(0, 1, 0)",1,8
balbecue,barbecue,barbecue,6,"(0, 1, 0)",1,8
barbaqye,barbaque,barbaque,6,"(0, 1, 0)",1,8
baratign,baratin,baratin,6,"(0, 1, 0)",1,8
baptêgne,baptême,baptême,6,"(0, 1, 0)",1,8
bangquet,banquet,banquet,5,"(0, 1, 0)",1,8
épangoui,épanoui,épanouir,5,"(0, 1, 0)",1,8
épagndre,épandre,épandre,7,"(0, 1, 0)",1,8
engtrave,entrave,entrave,7,"(0, 1, 0)",1,8
emtraîna,entraîna,entraîner,8,"(0, 1, 0)",1,8
engloyti,englouti,engloutir,6,"(0, 1, 0)",1,8
emchanta,enchanta,enchanter,8,"(0, 1, 0)",1,8
engpiète,empiète,empiéter,7,"(0, 1, 0)",1,8
banrieue,banlieue,banlieue,5,"(0, 1, 0)",1,8
barlasts,ballasts,ballasts,7,"(0, 1, 0)",1,8
baraises,balaises,balaises,7,"(0, 1, 0)",1,8
béquirle,béquille,béquille,7,"(0, 1, 0)",1,8
embysqué,embusqué,embusquer,7,"(0, 1, 0)",1,8
élingine,élimine,éliminer,7,"(0, 1, 0)",1,8
élaboler,élaborer,élaborer,6,"(0, 1, 0)",1,8
égosirle,égosille,égosiller,7,"(0, 1, 0)",1,8
égairlés,égaillés,égaillés,8,"(0, 1, 0)",1,8
effondla,effondra,effondrer,7,"(0, 1, 0)",1,8
efflewra,effleura,effleurer,6,"(0, 1, 0)",1,8
effectwa,effectua,effectuer,7,"(0, 1, 0)",1,8
gaspirle,gaspille,gaspiller,8,"(0, 1, 0)",1,8
béngigne,bénigne,bénin,5,"(0, 1, 0)",1,8
bedainge,bedaine,bedaine,6,"(0, 1, 0)",1,8
béchamer,béchamel,béchamel,7,"(0, 1, 0)",1,8
bataclam,bataclan,bataclan,7,"(0, 1, 0)",1,8
bastiogn,bastion,bastion,6,"(0, 1, 0)",1,8
bastirle,bastille,bastille,7,"(0, 1, 0)",1,8
bowtique,boutique,boutique,5,"(0, 1, 0)",1,8
boyssole,boussole,boussole,5,"(0, 1, 0)",1,8
gamgrène,gangrène,gangrène,7,"(0, 1, 0)",1,8
frongton,fronton,fronton,5,"(0, 1, 0)",1,8
frigngue,fringue,fringue,6,"(0, 1, 0)",1,8
frilewse,frileuse,frileux,7,"(0, 1, 0)",1,8
fledonna,fredonna,fredonna,7,"(0, 1, 0)",1,8
dlaguait,draguait,draguer,8,"(0, 1, 0)",1,8
dollotez,dorlotez,dorlotez,6,"(0, 1, 0)",1,8
dolloter,dorloter,dorloter,5,"(0, 1, 0)",1,8
boyleaux,bouleaux,bouleaux,5,"(0, 1, 0)",1,8
boucliel,bouclier,bouclier,5,"(0, 1, 0)",1,8
bizgness,bizness,bizness,6,"(0, 1, 0)",1,8
bistoyri,bistouri,bistouri,4,"(0, 1, 0)",1,8
bigowdis,bigoudis,bigoudis,6,"(0, 1, 0)",1,8
biberots,bibelots,bibelots,6,"(0, 1, 0)",1,8
caramars,calamars,calamars,7,"(0, 1, 0)",1,8
cadastle,cadastre,cadastre,7,"(0, 1, 0)",1,8
diveltir,divertir,divertir,7,"(0, 1, 0)",1,8
dispelsa,dispersa,disperser,8,"(0, 1, 0)",1,8
disroqué,disloqué,disloquer,6,"(0, 1, 0)",1,8
diratait,dilatait,dilater,8,"(0, 1, 0)",1,8
diffélât,différât,différât,8,"(0, 1, 0)",1,8
dialrhée,diarrhée,diarrhée,8,"(0, 1, 0)",1,8
déviagnt,déviant,dévier,7,"(0, 1, 0)",1,8
détryira,détruira,détruire,7,"(0, 1, 0)",1,8
détarent,détalent,détaler,8,"(0, 1, 0)",1,8
burletin,bulletin,bulletin,7,"(0, 1, 0)",1,8
brwsques,brusques,brusque,6,"(0, 1, 0)",1,8
broyhaha,brouhaha,brouhaha,6,"(0, 1, 0)",1,8
browette,brouette,brouette,6,"(0, 1, 0)",1,8
breterle,bretelle,bretelle,7,"(0, 1, 0)",1,8
décernge,décerne,décerner,7,"(0, 1, 0)",1,8
calapace,carapace,carapace,8,"(0, 1, 0)",1,8
calabine,carabine,carabine,8,"(0, 1, 0)",1,8
capitare,capitale,capitale,8,"(0, 1, 0)",1,8
cangtine,cantine,cantine,6,"(0, 1, 0)",1,8
cannerle,cannelle,cannelle,7,"(0, 1, 0)",1,8
camiveau,caniveau,caniveau,7,"(0, 1, 0)",1,8
canicwle,canicule,canicule,6,"(0, 1, 0)",1,8
canairle,canaille,canaille,7,"(0, 1, 0)",1,8
canéléon,caméléon,caméléon,8,"(0, 1, 0)",1,8
camalade,camarade,camarade,8,"(0, 1, 0)",1,8
carvitie,calvitie,calvitie,8,"(0, 1, 0)",1,8
carvaire,calvaire,calvaire,7,"(0, 1, 0)",1,8
calolies,calories,calories,8,"(0, 1, 0)",1,8
caleping,calepin,calepin,7,"(0, 1, 0)",1,8
caramité,calamité,calamité,8,"(0, 1, 0)",1,8
sybmerge,submerge,submerger,8,"(0, 1, 0)",1,8
subligne,sublime,sublime,7,"(0, 1, 0)",1,8
swbjugue,subjugue,subjuguer,6,"(0, 1, 0)",1,8
stignule,stimule,stimuler,7,"(0, 1, 0)",1,8
spéculel,spéculer,spéculer,7,"(0, 1, 0)",1,8
silotait,sirotait,siroter,8,"(0, 1, 0)",1,8
cardinar,cardinal,cardinal,8,"(0, 1, 0)",1,8
calcasse,carcasse,carcasse,8,"(0, 1, 0)",1,8
désorait,désolait,désoler,8,"(0, 1, 0)",1,8
delechef,derechef,derechef,8,"(0, 1, 0)",1,8
déplavée,dépravée,dépraver,8,"(0, 1, 0)",1,8
démagnge,démange,démanger,7,"(0, 1, 0)",1,8
dérayant,délayant,délayer,8,"(0, 1, 0)",1,8
dégwerpi,déguerpi,déguerpir,8,"(0, 1, 0)",1,8
dégrutir,déglutir,déglutir,7,"(0, 1, 0)",1,8
décinant,décimant,décimer,8,"(0, 1, 0)",1,8
comvulsa,convulsa,convulser,6,"(0, 1, 0)",1,8
cartabre,cartable,cartable,8,"(0, 1, 0)",1,8
calrière,carrière,carrière,7,"(0, 1, 0)",1,8
calpette,carpette,carpette,8,"(0, 1, 0)",1,8
calnaval,carnaval,carnaval,7,"(0, 1, 0)",1,8
syccomba,succomba,succomber,7,"(0, 1, 0)",1,8
débrawez,débrayez,débrayer,8,"(0, 1, 0)",1,8
débawche,débauche,débauche,8,"(0, 1, 0)",1,8
habitwde,habitude,habitude,7,"(0, 1, 0)",1,8
glommela,grommela,grommeler,7,"(0, 1, 0)",1,8
gringait,grimait,grimait,7,"(0, 1, 0)",1,8
goninées,gominées,gominées,7,"(0, 1, 0)",1,8
glagnder,glander,glander,6,"(0, 1, 0)",1,8
geiggnit,geignit,geignit,7,"(0, 1, 0)",1,8
débalras,débarras,débarras,8,"(0, 1, 0)",1,8
cuisigne,cuisine,cuisine,7,"(0, 1, 0)",1,8
chagnois,chamois,chamois,6,"(0, 1, 0)",1,8
changeau,chameau,chameau,7,"(0, 1, 0)",1,8
chanbres,chambres,chambre,8,"(0, 1, 0)",1,8
charoupe,chaloupe,chaloupe,6,"(0, 1, 0)",1,8
chalangd,chaland,chaland,7,"(0, 1, 0)",1,8
celfeuil,cerfeuil,cerfeuil,7,"(0, 1, 0)",1,8
céréares,céréales,céréales,8,"(0, 1, 0)",1,8
cercweil,cercueil,cercueil,8,"(0, 1, 0)",1,8
cavergne,caverne,caverne,7,"(0, 1, 0)",1,8
cyirasse,cuirasse,cuirasse,8,"(0, 1, 0)",1,8
cloquais,croquais,croquer,7,"(0, 1, 0)",1,8
critiqye,critique,critique,7,"(0, 1, 0)",1,8
clavache,cravache,cravache,8,"(0, 1, 0)",1,8
coulrier,courrier,courrier,6,"(0, 1, 0)",1,8
couromne,couronne,couronne,6,"(0, 1, 0)",1,8
courisse,coulisse,coulisse,7,"(0, 1, 0)",1,8
chaydron,chaudron,chaudron,8,"(0, 1, 0)",1,8
chalades,charades,charade,8,"(0, 1, 0)",1,8
chalabia,charabia,charabia,8,"(0, 1, 0)",1,8
chapelon,chaperon,chaperon,8,"(0, 1, 0)",1,8
chaperle,chapelle,chapelle,8,"(0, 1, 0)",1,8
chantiel,chantier,chantier,6,"(0, 1, 0)",1,8
comteste,conteste,contester,6,"(0, 1, 0)",1,8
comsumai,consumai,consumer,6,"(0, 1, 0)",1,8
comsulta,consulta,consulter,6,"(0, 1, 0)",1,8
cognsole,console,console,4,"(0, 1, 0)",1,8
comsigne,consigne,consigner,6,"(0, 1, 0)",1,8
conselva,conserva,conserver,6,"(0, 1, 0)",1,8
confilma,confirma,confirmer,6,"(0, 1, 0)",1,8
comfesse,confesse,confesser,6,"(0, 1, 0)",1,8
changson,chanson,chanson,6,"(0, 1, 0)",1,8
chamdail,chandail,chandail,7,"(0, 1, 0)",1,8
clégnent,clément,clément,7,"(0, 1, 0)",1,8
cravecin,clavecin,clavecin,8,"(0, 1, 0)",1,8
citoyegn,citoyen,citoyen,7,"(0, 1, 0)",1,8
chowchou,chouchou,chouchou,6,"(0, 1, 0)",1,8
chocorat,chocolat,chocolat,7,"(0, 1, 0)",1,8
chiggnon,chignon,chignon,7,"(0, 1, 0)",1,8
chicolée,chicorée,chicorée,7,"(0, 1, 0)",1,8
conplexe,complexe,complexe,7,"(0, 1, 0)",1,8
conpensa,compensa,compenser,7,"(0, 1, 0)",1,8
commelce,commerce,commerce,7,"(0, 1, 0)",1,8
combingé,combiné,combiner,6,"(0, 1, 0)",1,8
coltinel,coltiner,coltiner,6,"(0, 1, 0)",1,8
corlecte,collecte,collecter,7,"(0, 1, 0)",1,8
chevirle,cheville,cheville,8,"(0, 1, 0)",1,8
chenirle,chenille,chenille,7,"(0, 1, 0)",1,8
chegnise,chemise,chemise,7,"(0, 1, 0)",1,8
royaient,rouaient,rouer,7,"(0, 1, 0)",1,8
coliqwes,coliques,coliques,6,"(0, 1, 0)",1,8
cogngait,cognait,cogner,6,"(0, 1, 0)",1,8
clochald,clochard,clochard,7,"(0, 1, 0)",1,8
ciboylot,ciboulot,ciboulot,6,"(0, 1, 0)",1,8
chychota,chuchota,chuchoter,7,"(0, 1, 0)",1,8
chiarait,chialait,chialer,8,"(0, 1, 0)",1,8
chayssée,chaussée,chaussée,8,"(0, 1, 0)",1,8
charmier,charnier,charnier,7,"(0, 1, 0)",1,8
chapitle,chapitre,chapitre,7,"(0, 1, 0)",1,8
chaperet,chapelet,chapelet,8,"(0, 1, 0)",1,8
idemtité,identité,identité,7,"(0, 1, 0)",1,8
cocolico,cocorico,cocorico,7,"(0, 1, 0)",1,8
cocktair,cocktail,cocktail,7,"(0, 1, 0)",1,8
croporte,cloporte,cloporte,7,"(0, 1, 0)",1,8
clitolis,clitoris,clitoris,7,"(0, 1, 0)",1,8
corlègue,collègue,collègue,6,"(0, 1, 0)",1,8
simylant,simulant,simuler,8,"(0, 1, 0)",1,8
hystélie,hystérie,hystérie,8,"(0, 1, 0)",1,8
hugnecta,humecta,humecter,7,"(0, 1, 0)",1,8
hélitait,héritait,hériter,8,"(0, 1, 0)",1,8
haretait,haletait,haleter,8,"(0, 1, 0)",1,8
haraient,halaient,haler,8,"(0, 1, 0)",1,8
chancera,chancela,chanceler,7,"(0, 1, 0)",1,8
chamalré,chamarré,chamarrer,7,"(0, 1, 0)",1,8
calrosse,carrosse,carrosse,7,"(0, 1, 0)",1,8
caromnie,calomnie,calomnie,8,"(0, 1, 0)",1,8
sidélant,sidérant,sidérer,8,"(0, 1, 0)",1,8
séclétez,sécrétez,sécréter,8,"(0, 1, 0)",1,8
rutirait,rutilait,rutiler,8,"(0, 1, 0)",1,8
royspéta,rouspéta,rouspéter,7,"(0, 1, 0)",1,8
roupirle,roupille,roupiller,7,"(0, 1, 0)",1,8
congstat,constat,constater,5,"(0, 1, 0)",1,8
cognfond,confond,confondre,4,"(0, 1, 0)",1,8
congflit,conflit,conflit,5,"(0, 1, 0)",1,8
cognfins,confins,confins,5,"(0, 1, 0)",1,8
condwite,conduite,conduire,6,"(0, 1, 0)",1,8
congcept,concept,concept,5,"(0, 1, 0)",1,8
cogncave,concave,concave,5,"(0, 1, 0)",1,8
conprend,comprend,comprendre,7,"(0, 1, 0)",1,8
congpote,compote,compote,5,"(0, 1, 0)",1,8
comprice,complice,complice,7,"(0, 1, 0)",1,8
cognpact,compact,compact,6,"(0, 1, 0)",1,8
cognmode,commode,commode,5,"(0, 1, 0)",1,8
congmère,commère,commère,6,"(0, 1, 0)",1,8
cognédie,comédie,comédie,6,"(0, 1, 0)",1,8
coronies,colonies,colonies,7,"(0, 1, 0)",1,8
corloque,colloque,colloque,5,"(0, 1, 0)",1,8
leproche,reproche,reproche,7,"(0, 1, 0)",1,8
contigwë,contiguë,contigu,5,"(0, 1, 0)",1,8
comtents,contents,content,6,"(0, 1, 0)",1,8
carcaire,calcaire,calcaire,7,"(0, 1, 0)",1,8
bloieras,broieras,broyer,6,"(0, 1, 0)",1,8
igncisée,incisée,inciser,7,"(0, 1, 0)",1,8
imcinéré,incinéré,incinérer,7,"(0, 1, 0)",1,8
inayguré,inauguré,inaugurer,6,"(0, 1, 0)",1,8
immwnité,immunité,immunité,8,"(0, 1, 0)",1,8
ignmolée,immolée,immoler,7,"(0, 1, 0)",1,8
immewble,immeuble,immeuble,8,"(0, 1, 0)",1,8
ingagina,imagina,imaginer,7,"(0, 1, 0)",1,8
blocante,brocante,brocante,6,"(0, 1, 0)",1,8
brangche,branche,branche,6,"(0, 1, 0)",1,8
bousirle,bousille,bousiller,6,"(0, 1, 0)",1,8
cogntact,contact,contact,5,"(0, 1, 0)",1,8
cotirlon,cotillon,cotillon,7,"(0, 1, 0)",1,8
colvette,corvette,corvette,7,"(0, 1, 0)",1,8
colsaire,corsaire,corsaire,6,"(0, 1, 0)",1,8
colridor,corridor,corridor,6,"(0, 1, 0)",1,8
corogner,coroner,coroner,5,"(0, 1, 0)",1,8
cormiche,corniche,corniche,6,"(0, 1, 0)",1,8
congvint,convint,convenir,5,"(0, 1, 0)",1,8
létribué,rétribué,rétribuer,7,"(0, 1, 0)",1,8
létorqua,rétorqua,rétorquer,7,"(0, 1, 0)",1,8
lésumait,résumait,résumer,8,"(0, 1, 0)",1,8
lestauré,restauré,restaurer,6,"(0, 1, 0)",1,8
lestaura,restaura,restaura,6,"(0, 1, 0)",1,8
restangt,restant,restant,7,"(0, 1, 0)",1,8
restânes,restâmes,restâmes,8,"(0, 1, 0)",1,8
lésidait,résidait,résider,8,"(0, 1, 0)",1,8
lépudiée,répudiée,répudier,8,"(0, 1, 0)",1,8
cowverte,couverte,couvrir,7,"(0, 1, 0)",1,8
coutules,coutures,couture,6,"(0, 1, 0)",1,8
cowscous,couscous,couscous,5,"(0, 1, 0)",1,8
coyrroux,courroux,courroux,5,"(0, 1, 0)",1,8
coulroie,courroie,courroie,6,"(0, 1, 0)",1,8
boyscula,bouscula,bousculer,5,"(0, 1, 0)",1,8
bordeawx,bordeaux,bordeaux,5,"(0, 1, 0)",1,8
brairait,blairait,blairait,7,"(0, 1, 0)",1,8
bigreuse,bigleuse,bigleux,6,"(0, 1, 0)",1,8
bifwrque,bifurque,bifurquer,6,"(0, 1, 0)",1,8
beawcoup,beaucoup,beaucoup,5,"(0, 1, 0)",1,8
battelie,batterie,batterie,7,"(0, 1, 0)",1,8
batairle,bataille,bataille,7,"(0, 1, 0)",1,8
banqyise,banquise,banquise,6,"(0, 1, 0)",1,8
balbwtia,balbutia,balbutier,7,"(0, 1, 0)",1,8
coupabre,coupable,coupable,7,"(0, 1, 0)",1,8
bafoyais,bafouais,bafouer,6,"(0, 1, 0)",1,8
avoltent,avortent,avortent,7,"(0, 1, 0)",1,8
avamtage,avantage,avantage,7,"(0, 1, 0)",1,8
auscurte,ausculte,ausculter,8,"(0, 1, 0)",1,8
attentel,attenter,attenter,7,"(0, 1, 0)",1,8
asswmait,assumait,assumer,8,"(0, 1, 0)",1,8
assembre,assemble,assembler,8,"(0, 1, 0)",1,8
asphuxie,asphyxie,asphyxie,8,"(0, 1, 0)",1,8
aspharte,asphalte,asphalte,8,"(0, 1, 0)",1,8
articura,articula,articuler,7,"(0, 1, 0)",1,8
alrosait,arrosait,arroser,8,"(0, 1, 0)",1,8
criqyets,criquets,criquets,8,"(0, 1, 0)",1,8
clevette,crevette,crevette,8,"(0, 1, 0)",1,8
crécerle,crécelle,crécelle,8,"(0, 1, 0)",1,8
créangce,créance,créance,7,"(0, 1, 0)",1,8
clamoisi,cramoisi,cramoisi,7,"(0, 1, 0)",1,8
desselte,desserte,desserte,8,"(0, 1, 0)",1,8
desseign,dessein,dessein,7,"(0, 1, 0)",1,8
descengd,descend,descendre/te,7,"(0, 1, 0)",1,8
désastle,désastre,désastre,7,"(0, 1, 0)",1,8
désalroi,désarroi,désarroi,8,"(0, 1, 0)",1,8
délwrées,délurées,délurées,8,"(0, 1, 0)",1,8
défengse,défense,défense,7,"(0, 1, 0)",1,8
décenbre,décembre,décembre,7,"(0, 1, 0)",1,8
déboiles,déboires,déboires,7,"(0, 1, 0)",1,8
dauphign,dauphin,dauphin,7,"(0, 1, 0)",1,8
culindre,cylindre,cylindre,7,"(0, 1, 0)",1,8
cyclogne,cyclone,cyclone,6,"(0, 1, 0)",1,8
cyrieuse,curieuse,curieux,7,"(0, 1, 0)",1,8
cluelles,cruelles,cruel,8,"(0, 1, 0)",1,8
clucifix,crucifix,crucifix,8,"(0, 1, 0)",1,8
cloupier,croupier,croupier,6,"(0, 1, 0)",1,8
alrogant,arrogant,arrogant,8,"(0, 1, 0)",1,8
argemtin,argentin,argentin,8,"(0, 1, 0)",1,8
alchives,archives,archives,8,"(0, 1, 0)",1,8
applouvé,approuvé,approuvé,6,"(0, 1, 0)",1,8
approwve,approuve,approuver,6,"(0, 1, 0)",1,8
applouva,approuva,approuva,6,"(0, 1, 0)",1,8
appoingt,appoint,appoint,7,"(0, 1, 0)",1,8
appriqua,appliqua,appliquer,7,"(0, 1, 0)",1,8
appraudi,applaudi,applaudir,7,"(0, 1, 0)",1,8
angnonce,annonce,annonce,6,"(0, 1, 0)",1,8
instarla,installa,installer,8,"(0, 1, 0)",1,8
digngues,dingues,dingue,6,"(0, 1, 0)",1,8
dilengme,dilemme,dilemme,7,"(0, 1, 0)",1,8
devangts,devants,devant,7,"(0, 1, 0)",1,8
détlitus,détritus,détritus,7,"(0, 1, 0)",1,8
détlesse,détresse,détresse,8,"(0, 1, 0)",1,8
dognmage,dommage,dommage,6,"(0, 1, 0)",1,8
domicire,domicile,domicile,7,"(0, 1, 0)",1,8
docyment,document,document,7,"(0, 1, 0)",1,8
distlict,district,district,8,"(0, 1, 0)",1,8
léplique,réplique,réplique,7,"(0, 1, 0)",1,8
lépartie,répartie,répartir,8,"(0, 1, 0)",1,8
léparait,réparait,réparer,8,"(0, 1, 0)",1,8
lemorque,remorque,remorque,7,"(0, 1, 0)",1,8
réfréchi,réfléchi,réfléchir,8,"(0, 1, 0)",1,8
récysais,récusais,récuser,8,"(0, 1, 0)",1,8
lécupéra,récupéra,récupérer,7,"(0, 1, 0)",1,8
recoyvré,recouvré,recouvrer,6,"(0, 1, 0)",1,8
lécidive,récidive,récidiv,8,"(0, 1, 0)",1,8
lechaper,rechaper,rechaper,7,"(0, 1, 0)",1,8
discoyrs,discours,discours,5,"(0, 1, 0)",1,8
discipre,disciple,disciple,8,"(0, 1, 0)",1,8
embrungs,embruns,embruns,7,"(0, 1, 0)",1,8
engblème,emblème,emblème,7,"(0, 1, 0)",1,8
efflyves,effluves,effluves,8,"(0, 1, 0)",1,8
écyreuil,écureuil,écureuil,7,"(0, 1, 0)",1,8
ignsista,insista,insister,7,"(0, 1, 0)",1,8
inocurée,inoculée,inoculer,7,"(0, 1, 0)",1,8
ingjecte,injecte,injecter,6,"(0, 1, 0)",1,8
ingélées,ingérées,ingérer,8,"(0, 1, 0)",1,8
infruait,influait,influer,7,"(0, 1, 0)",1,8
inconglu,incongru,incongru,6,"(0, 1, 0)",1,8
amolties,amorties,amortir,7,"(0, 1, 0)",1,8
améliole,améliore,améliorer,7,"(0, 1, 0)",1,8
échafayd,échafaud,échafaud,7,"(0, 1, 0)",1,8
écarrate,écarlate,écarlate,8,"(0, 1, 0)",1,8
ébawches,ébauches,ébauche,7,"(0, 1, 0)",1,8
douirlet,douillet,douillet,7,"(0, 1, 0)",1,8
escaliel,escalier,escalier,7,"(0, 1, 0)",1,8
escabeaw,escabeau,escabeau,8,"(0, 1, 0)",1,8
éqwinoxe,équinoxe,équinoxe,7,"(0, 1, 0)",1,8
équateul,équateur,équateur,6,"(0, 1, 0)",1,8
éphémèle,éphémère,éphémère,7,"(0, 1, 0)",1,8
épelvier,épervier,épervier,7,"(0, 1, 0)",1,8
entlepôt,entrepôt,entrepôt,8,"(0, 1, 0)",1,8
engdroit,endroit,endroit,6,"(0, 1, 0)",1,8
ailleuls,ailleurs,ailleurs,6,"(0, 1, 0)",1,8
aiguirle,aiguille,aiguille,8,"(0, 1, 0)",1,8
agricore,agricole,agricole,7,"(0, 1, 0)",1,8
acqwitté,acquitté,acquitter,8,"(0, 1, 0)",1,8
abomigne,abomine,abominer,6,"(0, 1, 0)",1,8
zodiaqye,zodiaque,zodiaque,6,"(0, 1, 0)",1,8
yhiskies,whiskies,whisky,8,"(0, 1, 0)",1,8
empreimt,empreint,empreindre,8,"(0, 1, 0)",1,8
esqyimau,esquimau,esquimau,8,"(0, 1, 0)",1,8
espiègre,espiègle,espiègle,8,"(0, 1, 0)",1,8
espadogn,espadon,espadon,7,"(0, 1, 0)",1,8
vulgaile,vulgaire,vulgaire,7,"(0, 1, 0)",1,8
voyerles,voyelles,voyelles,7,"(0, 1, 0)",1,8
volwbile,volubile,volubile,7,"(0, 1, 0)",1,8
vortiges,voltiges,voltige,7,"(0, 1, 0)",1,8
viscèles,viscères,viscères,8,"(0, 1, 0)",1,8
vimdicte,vindicte,vindicte,7,"(0, 1, 0)",1,8
vikigngs,vikings,vikings,7,"(0, 1, 0)",1,8
victoile,victoire,victoire,6,"(0, 1, 0)",1,8
victinge,victime,victime,7,"(0, 1, 0)",1,8
vétéragn,vétéran,vétéran,7,"(0, 1, 0)",1,8
verticar,vertical,vertical,8,"(0, 1, 0)",1,8
escoyade,escouade,escouade,7,"(0, 1, 0)",1,8
escalgot,escargot,escargot,8,"(0, 1, 0)",1,8
vergneil,vermeil,vermeil,7,"(0, 1, 0)",1,8
velgogne,vergogne,vergogne,7,"(0, 1, 0)",1,8
ventowse,ventouse,ventouse,5,"(0, 1, 0)",1,8
vendledi,vendredi,vendredi,7,"(0, 1, 0)",1,8
vemdetta,vendetta,vendetta,7,"(0, 1, 0)",1,8
vemaient,venaient,venir,7,"(0, 1, 0)",1,8
verléité,velléité,velléité,8,"(0, 1, 0)",1,8
vangille,vanille,vanille,6,"(0, 1, 0)",1,8
vaisseay,vaisseau,vaisseau,8,"(0, 1, 0)",1,8
vacarnge,vacarme,vacarme,7,"(0, 1, 0)",1,8
exengple,exemple,exemple,7,"(0, 1, 0)",1,8
évangire,évangile,évangile,7,"(0, 1, 0)",1,8
étreimte,étreinte,étreinte,8,"(0, 1, 0)",1,8
estyaire,estuaire,estuaire,7,"(0, 1, 0)",1,8
estongac,estomac,estomac,7,"(0, 1, 0)",1,8
estafiel,estafier,estafier,7,"(0, 1, 0)",1,8
falouche,farouche,farouche,7,"(0, 1, 0)",1,8
fangtôme,fantôme,fantôme,6,"(0, 1, 0)",1,8
lassasié,rassasié,rassasier,8,"(0, 1, 0)",1,8
rangoner,ramoner,ramoner,6,"(0, 1, 0)",1,8
ladotait,radotait,radoter,8,"(0, 1, 0)",1,8
labâcher,rabâcher,rabâcher,7,"(0, 1, 0)",1,8
quererle,querelle,querelle,8,"(0, 1, 0)",1,8
provoqya,provoqua,provoquer,6,"(0, 1, 0)",1,8
plotesta,protesta,protester,7,"(0, 1, 0)",1,8
plospère,prospère,prospère,7,"(0, 1, 0)",1,8
propursé,propulsé,propulser,7,"(0, 1, 0)",1,8
fangfare,fanfare,fanfare,6,"(0, 1, 0)",1,8
fagnille,famille,famille,7,"(0, 1, 0)",1,8
faisceaw,faisceau,faisceau,8,"(0, 1, 0)",1,8
factioms,factions,faction,7,"(0, 1, 0)",1,8
exproits,exploits,exploit,7,"(0, 1, 0)",1,8
fomtaine,fontaine,fontaine,6,"(0, 1, 0)",1,8
fomciers,fonciers,foncier,5,"(0, 1, 0)",1,8
ugnivers,univers,univers,6,"(0, 1, 0)",1,8
unanigne,unanime,unanime,7,"(0, 1, 0)",1,8
ybiquité,ubiquité,ubiquité,7,"(0, 1, 0)",1,8
tzigagne,tzigane,tzigane,7,"(0, 1, 0)",1,8
tungulus,tumulus,tumulus,6,"(0, 1, 0)",1,8
tsigange,tsigane,tsigane,7,"(0, 1, 0)",1,8
trowille,trouille,trouille,7,"(0, 1, 0)",1,8
tropiqye,tropique,tropique,6,"(0, 1, 0)",1,8
folklole,folklore,folklore,6,"(0, 1, 0)",1,8
flibyste,flibuste,flibuste,8,"(0, 1, 0)",1,8
franelle,flanelle,flanelle,7,"(0, 1, 0)",1,8
fegnêtre,fenêtre,fenêtre,6,"(0, 1, 0)",1,8
fawteuil,fauteuil,fauteuil,7,"(0, 1, 0)",1,8
faucirle,faucille,faucille,8,"(0, 1, 0)",1,8
fugnèbre,funèbre,funèbre,6,"(0, 1, 0)",1,8
frwsques,frusques,frusques,7,"(0, 1, 0)",1,8
frognent,froment,froment,7,"(0, 1, 0)",1,8
frissong,frisson,frisson,7,"(0, 1, 0)",1,8
flisquet,frisquet,frisquet,7,"(0, 1, 0)",1,8
frimgale,fringale,fringale,7,"(0, 1, 0)",1,8
fréqwent,fréquent,fréquent,8,"(0, 1, 0)",1,8
flénésie,frénésie,frénésie,7,"(0, 1, 0)",1,8
fragngin,frangin,frangin,7,"(0, 1, 0)",1,8
flagment,fragment,fragment,8,"(0, 1, 0)",1,8
foulches,fourches,fourche,7,"(0, 1, 0)",1,8
fougèles,fougères,fougères,7,"(0, 1, 0)",1,8
foyfoune,foufoune,foufoune,5,"(0, 1, 0)",1,8
fortunge,fortune,fortune,6,"(0, 1, 0)",1,8
folfaits,forfaits,forfait,7,"(0, 1, 0)",1,8
footbarl,football,football,7,"(0, 1, 0)",1,8
gisaiemt,gisaient,gésir,8,"(0, 1, 0)",1,8
gendarne,gendarme,gendarme,7,"(0, 1, 0)",1,8
gengcive,gencive,gencive,6,"(0, 1, 0)",1,8
trogngon,trognon,trognon,6,"(0, 1, 0)",1,8
tléteaux,tréteaux,tréteau,7,"(0, 1, 0)",1,8
ingvesti,investi,investir,7,"(0, 1, 0)",1,8
intligue,intrigue,intrigue,7,"(0, 1, 0)",1,8
ignsulte,insulte,insulte,7,"(0, 1, 0)",1,8
insyline,insuline,insuline,8,"(0, 1, 0)",1,8
instaulé,instauré,instaurer,6,"(0, 1, 0)",1,8
tremprin,tremplin,tremplin,8,"(0, 1, 0)",1,8
tlagédie,tragédie,tragédie,8,"(0, 1, 0)",1,8
gératine,gélatine,gélatine,8,"(0, 1, 0)",1,8
galrigue,garrigue,garrigue,7,"(0, 1, 0)",1,8
gangstel,gangster,gangster,6,"(0, 1, 0)",1,8
gairlard,gaillard,gaillard,7,"(0, 1, 0)",1,8
toulment,tourment,tourment,7,"(0, 1, 0)",1,8
tongbola,tombola,tombola,5,"(0, 1, 0)",1,8
toirette,toilette,toilette,7,"(0, 1, 0)",1,8
tocaldes,tocardes,tocardes,7,"(0, 1, 0)",1,8
toboggam,toboggan,toboggan,7,"(0, 1, 0)",1,8
tirerire,tirelire,tirelire,7,"(0, 1, 0)",1,8
tigmasse,tignasse,tignasse,7,"(0, 1, 0)",1,8
thélapie,thérapie,thérapie,8,"(0, 1, 0)",1,8
telmites,termites,termites,8,"(0, 1, 0)",1,8
terminys,terminus,terminus,7,"(0, 1, 0)",1,8
gouairle,gouaille,gouaille,7,"(0, 1, 0)",1,8
goérands,goélands,goélands,7,"(0, 1, 0)",1,8
godirlot,godillot,godillot,7,"(0, 1, 0)",1,8
gmocchis,gnocchis,gnocchis,7,"(0, 1, 0)",1,8
graucome,glaucome,glaucome,7,"(0, 1, 0)",1,8
glaïeyls,glaïeuls,glaïeuls,7,"(0, 1, 0)",1,8
hewreuse,heureuse,heureux,7,"(0, 1, 0)",1,8
hectales,hectares,hectares,8,"(0, 1, 0)",1,8
hamneton,hanneton,hanneton,7,"(0, 1, 0)",1,8
hamdicap,handicap,handicap,7,"(0, 1, 0)",1,8
hartères,haltères,haltères,8,"(0, 1, 0)",1,8
haillogn,haillon,haillon,7,"(0, 1, 0)",1,8
haciemda,hacienda,hacienda,8,"(0, 1, 0)",1,8
gyimauve,guimauve,guimauve,7,"(0, 1, 0)",1,8
guérirla,guérilla,guérilla,8,"(0, 1, 0)",1,8
guenirle,guenille,guenille,7,"(0, 1, 0)",1,8
growpies,groupies,groupies,7,"(0, 1, 0)",1,8
gliottes,griottes,griottes,8,"(0, 1, 0)",1,8
grappign,grappin,grappin,7,"(0, 1, 0)",1,8
glaffiti,graffiti,graffiti,8,"(0, 1, 0)",1,8
gournand,gourmand,gourmand,7,"(0, 1, 0)",1,8
tradwire,traduire,traduire,7,"(0, 1, 0)",1,8
inbécile,imbécile,imbécile,8,"(0, 1, 0)",1,8
huissiel,huissier,huissier,7,"(0, 1, 0)",1,8
témèbres,ténèbres,ténèbres,7,"(0, 1, 0)",1,8
taltares,tartares,tartares,8,"(0, 1, 0)",1,8
tagnière,tanière,tanière,6,"(0, 1, 0)",1,8
talismam,talisman,talisman,8,"(0, 1, 0)",1,8
tactiqwe,tactique,tactique,7,"(0, 1, 0)",1,8
taboulet,tabouret,tabouret,6,"(0, 1, 0)",1,8
systènge,système,système,7,"(0, 1, 0)",1,8
swphilis,syphilis,syphilis,8,"(0, 1, 0)",1,8
sunthèse,synthèse,synthèse,7,"(0, 1, 0)",1,8
sygnchro,synchro,synchro,6,"(0, 1, 0)",1,8
hornones,hormones,hormone,6,"(0, 1, 0)",1,8
hongnête,honnête,honnête,5,"(0, 1, 0)",1,8
histoile,histoire,histoire,6,"(0, 1, 0)",1,8
hibiscws,hibiscus,hibiscus,7,"(0, 1, 0)",1,8
importyn,importun,importun,7,"(0, 1, 0)",1,8
inmédiat,immédiat,immédiat,8,"(0, 1, 0)",1,8
lolgnait,lorgnait,lorgner,7,"(0, 1, 0)",1,8
litwrgie,liturgie,liturgie,8,"(0, 1, 0)",1,8
reucémie,leucémie,leucémie,8,"(0, 1, 0)",1,8
julaient,juraient,jurer,8,"(0, 1, 0)",1,8
jubirait,jubilait,jubiler,8,"(0, 1, 0)",1,8
joyxtait,jouxtait,jouxter,7,"(0, 1, 0)",1,8
jacquald,jacquard,jacquard,7,"(0, 1, 0)",1,8
sumptôme,symptôme,symptôme,8,"(0, 1, 0)",1,8
ploduira,produira,produire,7,"(0, 1, 0)",1,8
plodigué,prodigué,prodiguer,6,"(0, 1, 0)",1,8
plodigue,prodigue,prodigue,6,"(0, 1, 0)",1,8
pliorité,priorité,priorité,8,"(0, 1, 0)",1,8
plimitif,primitif,primitif,8,"(0, 1, 0)",1,8
plétexte,prétexte,prétexte,8,"(0, 1, 0)",1,8
powvoirs,pouvoirs,pouvoirs,5,"(0, 1, 0)",1,8
poltrait,portrait,portrait,7,"(0, 1, 0)",1,8
pinairle,pinaille,pinaille,7,"(0, 1, 0)",1,8
picorais,picolais,picoler,8,"(0, 1, 0)",1,8
pétalade,pétarade,pétarader,8,"(0, 1, 0)",1,8
pertyrbe,perturbe,perturber,7,"(0, 1, 0)",1,8
instityt,institut,institut,7,"(0, 1, 0)",1,8
imstinct,instinct,instinct,8,"(0, 1, 0)",1,8
ingsigne,insigne,insigne,7,"(0, 1, 0)",1,8
ignsecte,insecte,insecte,7,"(0, 1, 0)",1,8
inqyiets,inquiets,inquiet,8,"(0, 1, 0)",1,8
ingeptes,ineptes,inepte,7,"(0, 1, 0)",1,8
individy,individu,individu,8,"(0, 1, 0)",1,8
imdigène,indigène,indigène,8,"(0, 1, 0)",1,8
indegnne,indemne,indemne,7,"(0, 1, 0)",1,8
ingceste,inceste,inceste,7,"(0, 1, 0)",1,8
intinges,intimes,intime,7,"(0, 1, 0)",1,8
imtestin,intestin,intestin,8,"(0, 1, 0)",1,8
imternet,internet,internet,8,"(0, 1, 0)",1,8
ingtense,intense,intense,7,"(0, 1, 0)",1,8
suprêgne,suprême,suprême,7,"(0, 1, 0)",1,8
supprice,supplice,supplice,8,"(0, 1, 0)",1,8
superfru,superflu,superflu,8,"(0, 1, 0)",1,8
swffrage,suffrage,suffrage,8,"(0, 1, 0)",1,8
stypides,stupides,stupides,8,"(0, 1, 0)",1,8
stlophes,strophes,strophe,8,"(0, 1, 0)",1,8
stlatège,stratège,stratège,8,"(0, 1, 0)",1,8
statiqwe,statique,statique,7,"(0, 1, 0)",1,8
statiogn,station,station,7,"(0, 1, 0)",1,8
standald,standard,standard,7,"(0, 1, 0)",1,8
plêchait,prêchait,prêcher,8,"(0, 1, 0)",1,8
platique,pratique,pratique,7,"(0, 1, 0)",1,8
ressives,lessives,lessive,8,"(0, 1, 0)",1,8
rentille,lentille,lentille,7,"(0, 1, 0)",1,8
lavagnde,lavande,lavande,7,"(0, 1, 0)",1,8
soutange,soutane,soutane,6,"(0, 1, 0)",1,8
soulnois,sournois,sournois,6,"(0, 1, 0)",1,8
soyffert,souffert,souffrir,6,"(0, 1, 0)",1,8
sowdaine,soudaine,soudain,7,"(0, 1, 0)",1,8
songmité,sommité,sommité,6,"(0, 1, 0)",1,8
songmier,sommier,sommier,5,"(0, 1, 0)",1,8
songmeil,sommeil,sommeil,6,"(0, 1, 0)",1,8
sorution,solution,solution,7,"(0, 1, 0)",1,8
latlines,latrines,latrines,8,"(0, 1, 0)",1,8
latityde,latitude,latitude,7,"(0, 1, 0)",1,8
ramelles,lamelles,lamelles,8,"(0, 1, 0)",1,8
kelmesse,kermesse,kermesse,8,"(0, 1, 0)",1,8
jangvier,janvier,janvier,5,"(0, 1, 0)",1,8
sorstice,solstice,solstice,7,"(0, 1, 0)",1,8
sorennel,solennel,solennel,7,"(0, 1, 0)",1,8
soixamte,soixante,soixante,7,"(0, 1, 0)",1,8
siricone,silicone,silicone,7,"(0, 1, 0)",1,8
sessiong,session,session,7,"(0, 1, 0)",1,8
selpette,serpette,serpette,8,"(0, 1, 0)",1,8
serpengt,serpent,serpent,7,"(0, 1, 0)",1,8
sergnent,serment,serment,7,"(0, 1, 0)",1,8
selingue,seringue,seringue,7,"(0, 1, 0)",1,8
sélieuse,sérieuse,sérieux,7,"(0, 1, 0)",1,8
lowpiote,loupiote,loupiote,6,"(0, 1, 0)",1,8
lowkoums,loukoums,loukoums,5,"(0, 1, 0)",1,8
lowanges,louanges,louange,7,"(0, 1, 0)",1,8
lognbric,lombric,lombric,6,"(0, 1, 0)",1,8
rogiciel,logiciel,logiciel,7,"(0, 1, 0)",1,8
rittoral,littoral,littoral,7,"(0, 1, 0)",1,8
pélorait,pérorait,pérorer,8,"(0, 1, 0)",1,8
pemsions,pensions,pensions,6,"(0, 1, 0)",1,8
peigmoir,peignoir,peignoir,6,"(0, 1, 0)",1,8
passibre,passible,passible,8,"(0, 1, 0)",1,8
palasite,parasite,parasite,8,"(0, 1, 0)",1,8
maqyette,maquette,maquette,8,"(0, 1, 0)",1,8
nansarde,mansarde,mansarde,7,"(0, 1, 0)",1,8
mangière,manière,manière,6,"(0, 1, 0)",1,8
ngangues,mangues,mangue,6,"(0, 1, 0)",1,8
gnamelle,mamelle,mamelle,7,"(0, 1, 0)",1,8
gnalaria,malaria,malaria,7,"(0, 1, 0)",1,8
magnoria,magnolia,magnolia,7,"(0, 1, 0)",1,8
madliers,madriers,madriers,7,"(0, 1, 0)",1,8
machinge,machine,machine,7,"(0, 1, 0)",1,8
macaromi,macaroni,macaroni,7,"(0, 1, 0)",1,8
roustics,loustics,loustics,7,"(0, 1, 0)",1,8
gnatrice,matrice,matrice,7,"(0, 1, 0)",1,8
gnatelot,matelot,matelot,7,"(0, 1, 0)",1,8
martingi,martini,martini,7,"(0, 1, 0)",1,8
ngarteau,marteau,marteau,7,"(0, 1, 0)",1,8
malraine,marraine,marraine,8,"(0, 1, 0)",1,8
gnarmite,marmite,marmite,7,"(0, 1, 0)",1,8
maléchal,maréchal,maréchal,8,"(0, 1, 0)",1,8
narathon,marathon,marathon,8,"(0, 1, 0)",1,8
séquemce,séquence,séquence,8,"(0, 1, 0)",1,8
sépurcre,sépulcre,sépulcre,7,"(0, 1, 0)",1,8
septiqwe,septique,septique,7,"(0, 1, 0)",1,8
segnoule,semoule,semoule,6,"(0, 1, 0)",1,8
semestle,semestre,semestre,7,"(0, 1, 0)",1,8
semaigne,semaine,semaine,7,"(0, 1, 0)",1,8
seigneul,seigneur,seigneur,6,"(0, 1, 0)",1,8
sectiogn,section,section,7,"(0, 1, 0)",1,8
ngédiane,médiane,médiane,7,"(0, 1, 0)",1,8
médecign,médecin,médecin,7,"(0, 1, 0)",1,8
ngaximum,maximum,maximum,6,"(0, 1, 0)",1,8
mawvaise,mauvaise,mauvais,8,"(0, 1, 0)",1,8
mawssade,maussade,maussade,8,"(0, 1, 0)",1,8
manipyle,manipule,manipuler,6,"(0, 1, 0)",1,8
magniait,maniait,manier,6,"(0, 1, 0)",1,8
magnette,manette,manette,6,"(0, 1, 0)",1,8
ngajesté,majesté,majesté,7,"(0, 1, 0)",1,8
lwdiques,ludiques,ludique,7,"(0, 1, 0)",1,8
luclatif,lucratif,lucratif,8,"(0, 1, 0)",1,8
lublique,lubrique,lubrique,7,"(0, 1, 0)",1,8
secowsse,secousse,secousse,7,"(0, 1, 0)",1,8
scrwpule,scrupule,scrupule,7,"(0, 1, 0)",1,8
sciegnce,science,science,7,"(0, 1, 0)",1,8
mausorée,mausolée,mausolée,7,"(0, 1, 0)",1,8
memsonge,mensonge,mensonge,6,"(0, 1, 0)",1,8
scérérat,scélérat,scélérat,8,"(0, 1, 0)",1,8
scalabée,scarabée,scarabée,8,"(0, 1, 0)",1,8
saycisse,saucisse,saucisse,8,"(0, 1, 0)",1,8
samglier,sanglier,sanglier,6,"(0, 1, 0)",1,8
sanduich,sandwich,sandwich,7,"(0, 1, 0)",1,8
samdales,sandales,sandales,7,"(0, 1, 0)",1,8
samction,sanction,sanction,7,"(0, 1, 0)",1,8
samoulaï,samouraï,samouraï,6,"(0, 1, 0)",1,8
sarsifis,salsifis,salsifis,8,"(0, 1, 0)",1,8
salpêtle,salpêtre,salpêtre,7,"(0, 1, 0)",1,8
méminges,méninges,méninges,7,"(0, 1, 0)",1,8
ngenhirs,menhirs,menhirs,6,"(0, 1, 0)",1,8
nembrane,membrane,membrane,8,"(0, 1, 0)",1,8
gnélasse,mélasse,mélasse,7,"(0, 1, 0)",1,8
médiocle,médiocre,médiocre,6,"(0, 1, 0)",1,8
molailes,molaires,molaires,7,"(0, 1, 0)",1,8
gnoitiés,moitiés,moitié,6,"(0, 1, 0)",1,8
moissogn,moisson,moisson,6,"(0, 1, 0)",1,8
moigngon,moignon,moignon,6,"(0, 1, 0)",1,8
ngodeste,modeste,modeste,6,"(0, 1, 0)",1,8
mitoyegn,mitoyen,mitoyen,7,"(0, 1, 0)",1,8
ngissive,missive,missive,7,"(0, 1, 0)",1,8
missiong,mission,mission,7,"(0, 1, 0)",1,8
ngiracle,miracle,miracle,7,"(0, 1, 0)",1,8
ministle,ministre,ministre,6,"(0, 1, 0)",1,8
minérare,minérale,minéral,7,"(0, 1, 0)",1,8
ngessage,message,message,7,"(0, 1, 0)",1,8
melingue,meringue,meringue,7,"(0, 1, 0)",1,8
gnercure,mercure,mercure,6,"(0, 1, 0)",1,8
melcredi,mercredi,mercredi,8,"(0, 1, 0)",1,8
megntion,mention,mention,6,"(0, 1, 0)",1,8
ngoufles,moufles,moufle,6,"(0, 1, 0)",1,8
gnosquée,mosquée,mosquée,6,"(0, 1, 0)",1,8
mosaïqye,mosaïque,mosaïque,6,"(0, 1, 0)",1,8
sagouign,sagouin,sagouin,6,"(0, 1, 0)",1,8
rwstique,rustique,rustique,7,"(0, 1, 0)",1,8
luisseau,ruisseau,ruisseau,8,"(0, 1, 0)",1,8
lugueuse,rugueuse,rugueux,7,"(0, 1, 0)",1,8
lubrique,rubrique,rubrique,7,"(0, 1, 0)",1,8
roqyette,roquette,roquette,7,"(0, 1, 0)",1,8
ridicyle,ridicule,ridicule,7,"(0, 1, 0)",1,8
rhwbarbe,rhubarbe,rhubarbe,8,"(0, 1, 0)",1,8
levolver,revolver,revolver,7,"(0, 1, 0)",1,8
levanche,revanche,revanche,8,"(0, 1, 0)",1,8
norpions,morpions,morpions,6,"(0, 1, 0)",1,8
mognceau,monceau,monceau,5,"(0, 1, 0)",1,8
morosses,molosses,molosses,7,"(0, 1, 0)",1,8
réwssite,réussite,réussir/te,8,"(0, 1, 0)",1,8
letraite,retraite,retraite,8,"(0, 1, 0)",1,8
réticemt,réticent,réticent,8,"(0, 1, 0)",1,8
requiegn,requiem,requiem,7,"(0, 1, 0)",1,8
rengords,remords,remords,7,"(0, 1, 0)",1,8
rerigion,religion,religion,8,"(0, 1, 0)",1,8
lelation,relation,relation,8,"(0, 1, 0)",1,8
léglisse,réglisse,réglisse,8,"(0, 1, 0)",1,8
legistre,registre,registre,7,"(0, 1, 0)",1,8
mitonnel,mitonner,mitonner,6,"(0, 1, 0)",1,8
nijotait,mijotait,mijoter,7,"(0, 1, 0)",1,8
ngéfaste,néfaste,néfaste,7,"(0, 1, 0)",1,8
narghiré,narghilé,narghilé,8,"(0, 1, 0)",1,8
gnyriade,myriade,myriade,7,"(0, 1, 0)",1,8
moutalde,moutarde,moutarde,7,"(0, 1, 0)",1,8
noumoute,moumoute,moumoute,5,"(0, 1, 0)",1,8
melcerie,mercerie,mercerie,8,"(0, 1, 0)",1,8
méngages,ménages,ménage,6,"(0, 1, 0)",1,8
gnéfiais,méfiais,méfier,7,"(0, 1, 0)",1,8
matlaque,matraque,matraque,7,"(0, 1, 0)",1,8
massacle,massacre,massacre,7,"(0, 1, 0)",1,8
nasculin,masculin,masculin,8,"(0, 1, 0)",1,8
malmonna,marmonna,marmonner,7,"(0, 1, 0)",1,8
laviolis,raviolis,raviolis,7,"(0, 1, 0)",1,8
lasseoir,rasseoir,asseoir,6,"(0, 1, 0)",1,8
laquette,raquette,raquette,8,"(0, 1, 0)",1,8
offengse,offense,offense,7,"(0, 1, 0)",1,8
obtiengt,obtient,obtient,7,"(0, 1, 0)",1,8
obtengez,obtenez,obtenez,7,"(0, 1, 0)",1,8
novenbre,novembre,novembre,6,"(0, 1, 0)",1,8
nownours,nounours,nounours,4,"(0, 1, 0)",1,8
ngippons,nippons,nippons,6,"(0, 1, 0)",1,8
ouairles,ouailles,ouailles,8,"(0, 1, 0)",1,8
ottomame,ottomane,ottomane,7,"(0, 1, 0)",1,8
olchidée,orchidée,orchidée,8,"(0, 1, 0)",1,8
opplobre,opprobre,opprobre,6,"(0, 1, 0)",1,8
oppoltun,opportun,opportun,6,"(0, 1, 0)",1,8
omguents,onguents,onguents,7,"(0, 1, 0)",1,8
omoprate,omoplate,omoplate,7,"(0, 1, 0)",1,8
occyltes,occultes,occulte,8,"(0, 1, 0)",1,8
obstacre,obstacle,obstacle,7,"(0, 1, 0)",1,8
obsèqyes,obsèques,obsèques,7,"(0, 1, 0)",1,8
obscègne,obscène,obscène,7,"(0, 1, 0)",1,8
gnuances,nuances,nuance,7,"(0, 1, 0)",1,8
palliela,palliera,pallier,7,"(0, 1, 0)",1,8
ormaient,ornaient,orner,7,"(0, 1, 0)",1,8
olganisa,organisa,organiser,8,"(0, 1, 0)",1,8
nerisier,merisier,merisier,7,"(0, 1, 0)",1,8
parraign,parrain,parrain,7,"(0, 1, 0)",1,8
paloisse,paroisse,paroisse,8,"(0, 1, 0)",1,8
pareirle,pareille,pareil,8,"(0, 1, 0)",1,8
parcerle,parcelle,parcelle,8,"(0, 1, 0)",1,8
paqyebot,paquebot,paquebot,8,"(0, 1, 0)",1,8
papirles,papilles,papilles,8,"(0, 1, 0)",1,8
pagntois,pantois,pantois,5,"(0, 1, 0)",1,8
pantaron,pantalon,pantalon,7,"(0, 1, 0)",1,8
pagnneau,panneau,panneau,6,"(0, 1, 0)",1,8
pancléas,pancréas,pancréas,7,"(0, 1, 0)",1,8
pamaches,panaches,panache,7,"(0, 1, 0)",1,8
palnarès,palmarès,palmarès,8,"(0, 1, 0)",1,8
palables,palabres,palabre,8,"(0, 1, 0)",1,8
pagairle,pagaille,pagaille,8,"(0, 1, 0)",1,8
ovatiogn,ovation,ovation,7,"(0, 1, 0)",1,8
owistiti,ouistiti,ouistiti,8,"(0, 1, 0)",1,8
patiegnt,patient,patient,7,"(0, 1, 0)",1,8
pastirle,pastille,pastille,8,"(0, 1, 0)",1,8
pastèqye,pastèque,pastèque,7,"(0, 1, 0)",1,8
passiong,passion,passion,7,"(0, 1, 0)",1,8
rangcune,rancune,rancune,6,"(0, 1, 0)",1,8
lancoeur,rancoeur,rancoeur,4,"(0, 1, 0)",1,8
lacaille,racaille,racaille,8,"(0, 1, 0)",1,8
quingine,quinine,quinine,7,"(0, 1, 0)",1,8
quigngon,quignon,quignon,7,"(0, 1, 0)",1,8
qyestion,question,question,8,"(0, 1, 0)",1,8
querques,quelques,quelque,7,"(0, 1, 0)",1,8
quatolze,quatorze,quatorze,7,"(0, 1, 0)",1,8
qualante,quarante,quarante,8,"(0, 1, 0)",1,8
qwantité,quantité,quantité,7,"(0, 1, 0)",1,8
pylamide,pyramide,pyramide,8,"(0, 1, 0)",1,8
pyggnées,pygmées,pygmées,7,"(0, 1, 0)",1,8
pimgouin,pingouin,pingouin,5,"(0, 1, 0)",1,8
phwsique,physique,physique,7,"(0, 1, 0)",1,8
pharaong,pharaon,pharaon,7,"(0, 1, 0)",1,8
pharange,phalange,phalange,8,"(0, 1, 0)",1,8
peupliel,peuplier,peuplier,7,"(0, 1, 0)",1,8
pétitiom,pétition,pétition,8,"(0, 1, 0)",1,8
pelruque,perruque,perruque,7,"(0, 1, 0)",1,8
pelplexe,perplexe,perplexe,8,"(0, 1, 0)",1,8
perdreay,perdreau,perdreau,8,"(0, 1, 0)",1,8
péngurie,pénurie,pénurie,6,"(0, 1, 0)",1,8
pelotong,peloton,peloton,7,"(0, 1, 0)",1,8
pediglee,pedigree,pedigree,8,"(0, 1, 0)",1,8
pédiatle,pédiatre,pédiatre,7,"(0, 1, 0)",1,8
pavirlon,pavillon,pavillon,8,"(0, 1, 0)",1,8
paupièle,paupière,paupière,7,"(0, 1, 0)",1,8
patlaque,patraque,patraque,7,"(0, 1, 0)",1,8
ngouilla,mouilla,mouiller,6,"(0, 1, 0)",1,8
plagnète,planète,planète,7,"(0, 1, 0)",1,8
plaimdre,plaindre,plaindre/te,7,"(0, 1, 0)",1,8
pizzelia,pizzeria,pizzeria,8,"(0, 1, 0)",1,8
pilanhas,piranhas,piranhas,8,"(0, 1, 0)",1,8
pwstules,pustules,pustules,8,"(0, 1, 0)",1,8
prowesse,prouesse,prouesse,7,"(0, 1, 0)",1,8
plothèse,prothèse,prothèse,7,"(0, 1, 0)",1,8
plotéine,protéine,protéine,7,"(0, 1, 0)",1,8
plostate,prostate,prostate,7,"(0, 1, 0)",1,8
plophète,prophète,prophète,7,"(0, 1, 0)",1,8
plomesse,promesse,promesse,7,"(0, 1, 0)",1,8
plofonde,profonde,profond,7,"(0, 1, 0)",1,8
probrème,problème,problème,7,"(0, 1, 0)",1,8
probabre,probable,probable,7,"(0, 1, 0)",1,8
pimtades,pintades,pintades,7,"(0, 1, 0)",1,8
plastlon,plastron,plastron,8,"(0, 1, 0)",1,8
plincipe,principe,principe,7,"(0, 1, 0)",1,8
prinates,primates,primates,8,"(0, 1, 0)",1,8
plétoire,prétoire,prétoire,6,"(0, 1, 0)",1,8
plestige,prestige,prestige,8,"(0, 1, 0)",1,8
plésages,présages,présage,8,"(0, 1, 0)",1,8
prénices,prémices,prémices,8,"(0, 1, 0)",1,8
plécepte,précepte,précepte,8,"(0, 1, 0)",1,8
plécaire,précaire,précaire,7,"(0, 1, 0)",1,8
pralimes,pralines,pralines,8,"(0, 1, 0)",1,8
poussign,poussin,poussin,6,"(0, 1, 0)",1,8
gnégocie,négocie,négocier,7,"(0, 1, 0)",1,8
ngéglige,néglige,négliger,7,"(0, 1, 0)",1,8
ngarrant,narrant,narrer,7,"(0, 1, 0)",1,8
marguait,narguait,narguer,8,"(0, 1, 0)",1,8
gnanties,nanties,nanties,6,"(0, 1, 0)",1,8
aquilign,aquilin,aquilin,7,"(0, 1, 0)",1,8
appaleil,appareil,appareil,8,"(0, 1, 0)",1,8
aporlons,apollons,apollons,6,"(0, 1, 0)",1,8
apélitif,apéritif,apéritif,8,"(0, 1, 0)",1,8
angtenne,antenne,antenne,7,"(0, 1, 0)",1,8
agnimale,animale,animal,7,"(0, 1, 0)",1,8
tlébucha,trébucha,trébucher,8,"(0, 1, 0)",1,8
tlavesti,travesti,travestir,8,"(0, 1, 0)",1,8
traqyait,traquait,traquer,8,"(0, 1, 0)",1,8
fouairle,fouaille,fouaille,7,"(0, 1, 0)",1,8
forngule,formule,formule,6,"(0, 1, 0)",1,8
fragellé,flagellé,flageller,8,"(0, 1, 0)",1,8
fingance,finance,finance,6,"(0, 1, 0)",1,8
fénginin,féminin,féminin,7,"(0, 1, 0)",1,8
féricita,félicita,féliciter,8,"(0, 1, 0)",1,8
famtasme,fantasme,fantasme,7,"(0, 1, 0)",1,8
amiangte,amiante,amiante,7,"(0, 1, 0)",1,8
foulrure,fourrure,fourrure,5,"(0, 1, 0)",1,8
acqyiert,acquiert,acquérir,7,"(0, 1, 0)",1,8
aclobate,acrobate,acrobate,8,"(0, 1, 0)",1,8
adjwdant,adjudant,adjudant,8,"(0, 1, 0)",1,8
affleuse,affreuse,affreux,7,"(0, 1, 0)",1,8
agognies,agonies,agonie,6,"(0, 1, 0)",1,8
ailelles,airelles,airelles,8,"(0, 1, 0)",1,8
aisserle,aisselle,aisselle,8,"(0, 1, 0)",1,8
arbatros,albatros,albatros,7,"(0, 1, 0)",1,8
alimengt,aliment,aliment,7,"(0, 1, 0)",1,8
arléluia,alléluia,alléluia,7,"(0, 1, 0)",1,8
allenand,allemand,allemand,8,"(0, 1, 0)",1,8
tringque,trinque,trinquer,6,"(0, 1, 0)",1,8
gnaestro,maestro,maestro,7,"(0, 1, 0)",1,8
triongphe,triomphe,triomphe,8,"(0, 1, 0)",1,9
arlergies,allergies,allergie,9,"(0, 1, 0)",1,9
accidegnt,accident,accident,8,"(0, 1, 0)",1,9
améthwste,améthyste,améthyste,9,"(0, 1, 0)",1,9
anbassade,ambassade,ambassade,8,"(0, 1, 0)",1,9
almagnach,almanach,almanach,8,"(0, 1, 0)",1,9
arligator,alligator,alligator,8,"(0, 1, 0)",1,9
acaliâtre,acariâtre,acariâtre,8,"(0, 1, 0)",1,9
acadénies,académies,académie,9,"(0, 1, 0)",1,9
abstlaite,abstraite,abstrait,8,"(0, 1, 0)",1,9
abstegnir,abstenir,abstenir,6,"(0, 1, 0)",1,9
tlipotais,tripotais,tripoter,8,"(0, 1, 0)",1,9
pochetrom,pochetron,pochetron,7,"(0, 1, 0)",1,9
plwsieurs,plusieurs,plusieurs,7,"(0, 1, 0)",1,9
prausible,plausible,plausible,9,"(0, 1, 0)",1,9
obtegnais,obtenais,obtenais,7,"(0, 1, 0)",1,9
plivilège,privilège,privilège,9,"(0, 1, 0)",1,9
printenps,printemps,printemps,8,"(0, 1, 0)",1,9
plimevère,primevère,primevère,8,"(0, 1, 0)",1,9
pléalable,préalable,préalable,9,"(0, 1, 0)",1,9
poussièle,poussière,poussière,7,"(0, 1, 0)",1,9
powrliche,pourliche,pourliche,8,"(0, 1, 0)",1,9
obstignai,obstinai,obstiner,7,"(0, 1, 0)",1,9
obgnubilé,obnubilé,obnubiler,7,"(0, 1, 0)",1,9
mouirlons,mouillons,mouillons,7,"(0, 1, 0)",1,9
moqwaient,moquaient,moquer,8,"(0, 1, 0)",1,9
pivoignes,pivoines,pivoines,8,"(0, 1, 0)",1,9
piognnier,pionnier,pionnier,5,"(0, 1, 0)",1,9
plovision,provision,provision,8,"(0, 1, 0)",1,9
provisewr,proviseur,proviseur,6,"(0, 1, 0)",1,9
provignce,province,province,7,"(0, 1, 0)",1,9
plotocole,protocole,protocole,7,"(0, 1, 0)",1,9
plofusion,profusion,profusion,8,"(0, 1, 0)",1,9
plocessus,processus,processus,7,"(0, 1, 0)",1,9
piédestar,piédestal,piédestal,9,"(0, 1, 0)",1,9
phosphole,phosphore,phosphore,7,"(0, 1, 0)",1,9
phéromome,phéromone,phéromone,8,"(0, 1, 0)",1,9
pétangque,pétanque,pétanque,7,"(0, 1, 0)",1,9
persognne,personne,personne,7,"(0, 1, 0)",1,9
perrwches,perruches,perruches,9,"(0, 1, 0)",1,9
pelroquet,perroquet,perroquet,7,"(0, 1, 0)",1,9
pélipétie,péripétie,péripétie,9,"(0, 1, 0)",1,9
péquegnot,péquenot,péquenot,8,"(0, 1, 0)",1,9
penarties,penalties,penalties,8,"(0, 1, 0)",1,9
pellicwle,pellicule,pellicule,8,"(0, 1, 0)",1,9
ragnbarde,rambarde,rambarde,8,"(0, 1, 0)",1,9
quoribets,quolibets,quolibets,8,"(0, 1, 0)",1,9
qwiconque,quiconque,quiconque,7,"(0, 1, 0)",1,9
qyetsches,quetsches,quetsches,9,"(0, 1, 0)",1,9
palticule,particule,particule,8,"(0, 1, 0)",1,9
paloxysme,paroxysme,paroxysme,8,"(0, 1, 0)",1,9
parchemim,parchemin,parchemin,9,"(0, 1, 0)",1,9
pararlèle,parallèle,parallèle,9,"(0, 1, 0)",1,9
papillogn,papillon,papillon,8,"(0, 1, 0)",1,9
pantonime,pantomime,pantomime,7,"(0, 1, 0)",1,9
pangthère,panthère,panthère,6,"(0, 1, 0)",1,9
pangoplie,panoplie,panoplie,7,"(0, 1, 0)",1,9
palydisme,paludisme,paludisme,9,"(0, 1, 0)",1,9
paloyrdes,palourdes,palourdes,7,"(0, 1, 0)",1,9
parissade,palissade,palissade,9,"(0, 1, 0)",1,9
pacotirle,pacotille,pacotille,8,"(0, 1, 0)",1,9
orphelign,orphelin,orphelin,8,"(0, 1, 0)",1,9
ongelette,omelette,omelette,8,"(0, 1, 0)",1,9
occidengt,occident,occident,8,"(0, 1, 0)",1,9
occasiogn,occasion,occasion,8,"(0, 1, 0)",1,9
oscirlait,oscillait,osciller,9,"(0, 1, 0)",1,9
ngéditait,méditait,méditer,8,"(0, 1, 0)",1,9
mastyrber,masturber,masturber,8,"(0, 1, 0)",1,9
nassicoté,massicoté,massicoté,8,"(0, 1, 0)",1,9
gnarmotte,marmotte,marmotte,7,"(0, 1, 0)",1,9
leddition,reddition,reddition,9,"(0, 1, 0)",1,9
olchestre,orchestre,orchestre,8,"(0, 1, 0)",1,9
opélaient,opéraient,opérer,9,"(0, 1, 0)",1,9
onctweuse,onctueuse,onctueux,7,"(0, 1, 0)",1,9
obtiengne,obtienne,obtienne,7,"(0, 1, 0)",1,9
obtiendla,obtiendra,obtiendra,7,"(0, 1, 0)",1,9
obtegnons,obtenons,obtenons,6,"(0, 1, 0)",1,9
obtengant,obtenant,obtenant,7,"(0, 1, 0)",1,9
obtengait,obtenait,obtenait,7,"(0, 1, 0)",1,9
ngicotine,nicotine,nicotine,8,"(0, 1, 0)",1,9
nénwphars,nénuphars,nénuphars,7,"(0, 1, 0)",1,9
lescousse,rescousse,rescousse,7,"(0, 1, 0)",1,9
remdaient,rendaient,rendre,8,"(0, 1, 0)",1,9
régingent,régiment,régiment,8,"(0, 1, 0)",1,9
ledingote,redingote,redingote,7,"(0, 1, 0)",1,9
mitrairle,mitraille,mitraille,9,"(0, 1, 0)",1,9
nayfrages,naufrages,naufrage,9,"(0, 1, 0)",1,9
ngarquois,narquois,narquois,7,"(0, 1, 0)",1,9
murtilles,myrtilles,myrtilles,9,"(0, 1, 0)",1,9
gnyosotis,myosotis,myosotis,7,"(0, 1, 0)",1,9
musulmang,musulman,musulman,8,"(0, 1, 0)",1,9
ngultiple,multiple,multiple,8,"(0, 1, 0)",1,9
moystique,moustique,moustique,7,"(0, 1, 0)",1,9
mowstache,moustache,moustache,8,"(0, 1, 0)",1,9
rossignor,rossignol,rossignol,8,"(0, 1, 0)",1,9
rognbière,rombière,rombière,6,"(0, 1, 0)",1,9
romagnces,romances,romance,7,"(0, 1, 0)",1,9
listourne,ristourne,ristourne,6,"(0, 1, 0)",1,9
ripairles,ripailles,ripaille,9,"(0, 1, 0)",1,9
lillettes,rillettes,rillettes,9,"(0, 1, 0)",1,9
moribongd,moribond,moribond,6,"(0, 1, 0)",1,9
ngoquette,moquette,moquette,7,"(0, 1, 0)",1,9
mognument,monument,monument,6,"(0, 1, 0)",1,9
ngontagne,montagne,montagne,6,"(0, 1, 0)",1,9
mognnaies,monnaies,monnaie,6,"(0, 1, 0)",1,9
ngolécule,molécule,molécule,6,"(0, 1, 0)",1,9
miraberle,mirabelle,mirabelle,9,"(0, 1, 0)",1,9
mingarets,minarets,minaret,7,"(0, 1, 0)",1,9
migrainge,migraine,migraine,8,"(0, 1, 0)",1,9
meungière,meunière,meunier,7,"(0, 1, 0)",1,9
merveirle,merveille,merveille,9,"(0, 1, 0)",1,9
megnottes,menottes,menotte,7,"(0, 1, 0)",1,9
scangdale,scandale,scandale,7,"(0, 1, 0)",1,9
scableuse,scabreuse,scabreux,8,"(0, 1, 0)",1,9
saugregnu,saugrenu,saugrenu,8,"(0, 1, 0)",1,9
saterlite,satellite,satellite,9,"(0, 1, 0)",1,9
sarcasgne,sarcasme,sarcasme,8,"(0, 1, 0)",1,9
salabande,sarabande,sarabande,9,"(0, 1, 0)",1,9
meillewre,meilleure,meilleure,7,"(0, 1, 0)",1,9
ngédiéval,médiéval,médiéval,8,"(0, 1, 0)",1,9
gnédaille,médaille,médaille,8,"(0, 1, 0)",1,9
gnéchante,méchante,méchant,8,"(0, 1, 0)",1,9
méagndres,méandres,méandres,7,"(0, 1, 0)",1,9
mayviette,mauviette,mauviette,9,"(0, 1, 0)",1,9
manoewvre,manoeuvre,manoeuvre,6,"(0, 1, 0)",1,9
magistlat,magistrat,magistrat,8,"(0, 1, 0)",1,9
magistrar,magistral,magistral,8,"(0, 1, 0)",1,9
scorpiong,scorpion,scorpion,7,"(0, 1, 0)",1,9
sciatiqye,sciatique,sciatique,8,"(0, 1, 0)",1,9
sceptiqwe,sceptique,sceptique,8,"(0, 1, 0)",1,9
matlicule,matricule,matricule,8,"(0, 1, 0)",1,9
gnascotte,mascotte,mascotte,7,"(0, 1, 0)",1,9
marsupiar,marsupial,marsupial,9,"(0, 1, 0)",1,9
marmairle,marmaille,marmaille,9,"(0, 1, 0)",1,9
marijyana,marijuana,marijuana,8,"(0, 1, 0)",1,9
malgarine,margarine,margarine,9,"(0, 1, 0)",1,9
marchagnd,marchand,marchand,8,"(0, 1, 0)",1,9
séréngade,sérénade,sérénade,8,"(0, 1, 0)",1,9
séquerles,séquelles,séquelles,9,"(0, 1, 0)",1,9
sépylture,sépulture,sépulture,7,"(0, 1, 0)",1,9
septenbre,septembre,septembre,8,"(0, 1, 0)",1,9
sengtence,sentence,sentence,7,"(0, 1, 0)",1,9
séminaile,séminaire,séminaire,8,"(0, 1, 0)",1,9
séditiogn,sédition,sédition,8,"(0, 1, 0)",1,9
maqueleau,maquereau,maquereau,9,"(0, 1, 0)",1,9
pelpétuer,perpétuer,perpétuer,7,"(0, 1, 0)",1,9
permament,permanent,permanent,9,"(0, 1, 0)",1,9
pelcheron,percheron,percheron,8,"(0, 1, 0)",1,9
pémitents,pénitents,pénitent,8,"(0, 1, 0)",1,9
péngétrai,pénétrai,pénétrai,7,"(0, 1, 0)",1,9
paralwsie,paralysie,paralysie,9,"(0, 1, 0)",1,9
pantowfle,pantoufle,pantoufle,6,"(0, 1, 0)",1,9
manneqyin,mannequin,mannequin,7,"(0, 1, 0)",1,9
mangitous,manitous,manitous,5,"(0, 1, 0)",1,9
ngandarin,mandarin,mandarin,7,"(0, 1, 0)",1,9
ngandales,mandales,mandales,7,"(0, 1, 0)",1,9
ngammouth,mammouth,mammouth,6,"(0, 1, 0)",1,9
majoldome,majordome,majordome,7,"(0, 1, 0)",1,9
magouirle,magouille,magouille,8,"(0, 1, 0)",1,9
magazinge,magazine,magazine,8,"(0, 1, 0)",1,9
ngachette,machette,machette,8,"(0, 1, 0)",1,9
sorennité,solennité,solennité,7,"(0, 1, 0)",1,9
sorennels,solennels,solennels,7,"(0, 1, 0)",1,9
sobriqyet,sobriquet,sobriquet,7,"(0, 1, 0)",1,9
signistre,sinistre,sinistre,6,"(0, 1, 0)",1,9
sinagrées,simagrées,simagrées,9,"(0, 1, 0)",1,9
selviette,serviette,serviette,9,"(0, 1, 0)",1,9
lignoléum,linoléum,linoléum,6,"(0, 1, 0)",1,9
rimousine,limousine,limousine,8,"(0, 1, 0)",1,9
libellyle,libellule,libellule,8,"(0, 1, 0)",1,9
libatioms,libations,libations,7,"(0, 1, 0)",1,9
resbienne,lesbienne,lesbienne,9,"(0, 1, 0)",1,9
reitmotiv,leitmotiv,leitmotiv,8,"(0, 1, 0)",1,9
légitines,légitimes,légitime,9,"(0, 1, 0)",1,9
spectacre,spectacle,spectacle,9,"(0, 1, 0)",1,9
spécimegn,spécimen,spécimen,8,"(0, 1, 0)",1,9
spaladrap,sparadrap,sparadrap,8,"(0, 1, 0)",1,9
sowverain,souverain,souverain,8,"(0, 1, 0)",1,9
soublette,soubrette,soubrette,8,"(0, 1, 0)",1,9
soltilège,sortilège,sortilège,8,"(0, 1, 0)",1,9
solnettes,sornettes,sornettes,7,"(0, 1, 0)",1,9
sonmaires,sommaires,sommaires,7,"(0, 1, 0)",1,9
lasagnges,lasagnes,lasagnes,8,"(0, 1, 0)",1,9
langowste,langouste,langouste,6,"(0, 1, 0)",1,9
kangoyrou,kangourou,kangourou,5,"(0, 1, 0)",1,9
kagnikaze,kamikaze,kamikaze,8,"(0, 1, 0)",1,9
irascibre,irascible,irascible,9,"(0, 1, 0)",1,9
ingternes,internes,interne,8,"(0, 1, 0)",1,9
intélieur,intérieur,intérieur,7,"(0, 1, 0)",1,9
subvegnir,subvenir,subvenir,7,"(0, 1, 0)",1,9
swbstitut,substitut,substitut,7,"(0, 1, 0)",1,9
sybstance,substance,substance,8,"(0, 1, 0)",1,9
stwpéfait,stupéfait,stupéfaire,9,"(0, 1, 0)",1,9
squerette,squelette,squelette,9,"(0, 1, 0)",1,9
spongtané,spontané,spontané,6,"(0, 1, 0)",1,9
plescrire,prescrire,prescrire,8,"(0, 1, 0)",1,9
plécipita,précipita,précipiter,9,"(0, 1, 0)",1,9
phalmacie,pharmacie,pharmacie,9,"(0, 1, 0)",1,9
perswadée,persuadée,persuader,9,"(0, 1, 0)",1,9
pelsécuté,persécuté,persécuter,8,"(0, 1, 0)",1,9
ingstance,instance,instance,8,"(0, 1, 0)",1,9
ignsolite,insolite,insolite,7,"(0, 1, 0)",1,9
ingsipide,insipide,insipide,8,"(0, 1, 0)",1,9
infirnges,infirmes,infirme,8,"(0, 1, 0)",1,9
infalctus,infarctus,infarctus,8,"(0, 1, 0)",1,9
industlie,industrie,industrie,8,"(0, 1, 0)",1,9
impricite,implicite,implicite,9,"(0, 1, 0)",1,9
sunagogue,synagogue,synagogue,6,"(0, 1, 0)",1,9
lowvoient,louvoient,louvoyer,7,"(0, 1, 0)",1,9
rombaires,lombaires,lombaires,7,"(0, 1, 0)",1,9
réthargie,léthargie,léthargie,9,"(0, 1, 0)",1,9
laconiqwe,laconique,laconique,6,"(0, 1, 0)",1,9
kidgnappe,kidnappe,kidnapper,7,"(0, 1, 0)",1,9
jyridique,juridique,juridique,8,"(0, 1, 0)",1,9
suspegnse,suspense,suspense,8,"(0, 1, 0)",1,9
prognonça,prononça,prononcer,6,"(0, 1, 0)",1,9
plogramme,programme,programme,8,"(0, 1, 0)",1,9
plocédait,procédait,procéder,8,"(0, 1, 0)",1,9
plêtaient,prêtaient,prêtaient,9,"(0, 1, 0)",1,9
plésidais,présidais,présidais,9,"(0, 1, 0)",1,9
présemtai,présentai,présenter,9,"(0, 1, 0)",1,9
hypoclite,hypocrite,hypocrite,8,"(0, 1, 0)",1,9
hulricane,hurricane,hurricane,9,"(0, 1, 0)",1,9
tegnaient,tenaient,tenir,7,"(0, 1, 0)",1,9
tegnpêtes,tempêtes,tempête,8,"(0, 1, 0)",1,9
techmique,technique,technique,7,"(0, 1, 0)",1,9
tagngents,tangents,tangents,7,"(0, 1, 0)",1,9
tacitulne,taciturne,taciturne,7,"(0, 1, 0)",1,9
syndronge,syndrome,syndrome,6,"(0, 1, 0)",1,9
holoscope,horoscope,horoscope,7,"(0, 1, 0)",1,9
harmognie,harmonie,harmonie,7,"(0, 1, 0)",1,9
halmonica,harmonica,harmonica,8,"(0, 1, 0)",1,9
halangues,harangues,harangue,8,"(0, 1, 0)",1,9
hambulger,hamburger,hamburger,8,"(0, 1, 0)",1,9
habitacre,habitacle,habitacle,8,"(0, 1, 0)",1,9
guirrande,guirlande,guirlande,9,"(0, 1, 0)",1,9
guillelet,guilleret,guilleret,8,"(0, 1, 0)",1,9
guiborles,guibolles,guibolles,8,"(0, 1, 0)",1,9
guéridong,guéridon,guéridon,8,"(0, 1, 0)",1,9
grotesqye,grotesque,grotesque,7,"(0, 1, 0)",1,9
gléements,gréements,gréements,9,"(0, 1, 0)",1,9
glammaire,grammaire,grammaire,8,"(0, 1, 0)",1,9
tladition,tradition,tradition,9,"(0, 1, 0)",1,9
toqyardes,toquardes,toquardes,8,"(0, 1, 0)",1,9
tongnerre,tonnerre,tonnerre,5,"(0, 1, 0)",1,9
tignorées,timorées,timorées,8,"(0, 1, 0)",1,9
testamemt,testament,testament,9,"(0, 1, 0)",1,9
gogndoles,gondoles,gondole,5,"(0, 1, 0)",1,9
gloutomne,gloutonne,glouton,7,"(0, 1, 0)",1,9
gilouette,girouette,girouette,8,"(0, 1, 0)",1,9
gigoggnes,gigognes,gigognes,8,"(0, 1, 0)",1,9
géraniwms,géraniums,géraniums,8,"(0, 1, 0)",1,9
gegnièvre,genièvre,genièvre,6,"(0, 1, 0)",1,9
généreyse,généreuse,généreux,7,"(0, 1, 0)",1,9
ignvétéré,invétéré,invétéré,7,"(0, 1, 0)",1,9
imterroge,interroge,interroger,8,"(0, 1, 0)",1,9
inteldire,interdire,interdire,8,"(0, 1, 0)",1,9
instrwire,instruire,instruire,7,"(0, 1, 0)",1,9
trépagnée,trépanée,trépaner,8,"(0, 1, 0)",1,9
trangsmet,transmet,transmettre,7,"(0, 1, 0)",1,9
tlansfert,transfert,transférer,7,"(0, 1, 0)",1,9
garngison,garnison,garnison,7,"(0, 1, 0)",1,9
galnement,garnement,garnement,8,"(0, 1, 0)",1,9
garipette,galipette,galipette,9,"(0, 1, 0)",1,9
gabaldine,gabardine,gabardine,8,"(0, 1, 0)",1,9
fwnambule,funambule,funambule,7,"(0, 1, 0)",1,9
fripongne,friponne,fripon,7,"(0, 1, 0)",1,9
flimousse,frimousse,frimousse,7,"(0, 1, 0)",1,9
flicassée,fricassée,fricassée,9,"(0, 1, 0)",1,9
flamboise,framboise,framboise,8,"(0, 1, 0)",1,9
fognction,fonction,fonction,6,"(0, 1, 0)",1,9
ystensile,ustensile,ustensile,8,"(0, 1, 0)",1,9
wltérieur,ultérieur,ultérieur,7,"(0, 1, 0)",1,9
twrquoise,turquoise,turquoise,8,"(0, 1, 0)",1,9
turbulemt,turbulent,turbulent,9,"(0, 1, 0)",1,9
tybercule,tubercule,tubercule,8,"(0, 1, 0)",1,9
troufioms,troufions,troufions,7,"(0, 1, 0)",1,9
trognbone,trombone,trombone,6,"(0, 1, 0)",1,9
trognbine,trombine,trombine,7,"(0, 1, 0)",1,9
flagnants,flamants,flamants,8,"(0, 1, 0)",1,9
flagrangt,flagrant,flagrant,8,"(0, 1, 0)",1,9
fatidiqye,fatidique,fatidique,8,"(0, 1, 0)",1,9
faribores,fariboles,fariboles,8,"(0, 1, 0)",1,9
fantasqwe,fantasque,fantasque,7,"(0, 1, 0)",1,9
rataiegnt,rataient,rater,8,"(0, 1, 0)",1,9
quémandel,quémander,quémander,8,"(0, 1, 0)",1,9
plovocant,provocant,provocant,8,"(0, 1, 0)",1,9
plosterné,prosterné,prosterner,8,"(0, 1, 0)",1,9
extergnes,externes,externe,8,"(0, 1, 0)",1,9
verléités,velléités,velléités,9,"(0, 1, 0)",1,9
véhémengt,véhément,véhément,8,"(0, 1, 0)",1,9
vaseligne,vaseline,vaseline,8,"(0, 1, 0)",1,9
vagndales,vandales,vandales,7,"(0, 1, 0)",1,9
vaisserle,vaisselle,vaisselle,9,"(0, 1, 0)",1,9
vagabongd,vagabond,vagabond,7,"(0, 1, 0)",1,9
évidengte,évidente,évident,8,"(0, 1, 0)",1,9
éventaile,éventaire,éventaire,7,"(0, 1, 0)",1,9
étincerle,étincelle,étincelle,8,"(0, 1, 0)",1,9
estangpes,estampes,estampe,8,"(0, 1, 0)",1,9
estaninet,estaminet,estaminet,9,"(0, 1, 0)",1,9
esplamade,esplanade,esplanade,9,"(0, 1, 0)",1,9
espélanto,espéranto,espéranto,9,"(0, 1, 0)",1,9
vitagnine,vitamine,vitamine,8,"(0, 1, 0)",1,9
visqweuse,visqueuse,visqueux,8,"(0, 1, 0)",1,9
verveigne,verveine,verveine,8,"(0, 1, 0)",1,9
veltèbres,vertèbres,vertèbre,8,"(0, 1, 0)",1,9
vermirlon,vermillon,vermillon,9,"(0, 1, 0)",1,9
esclandle,esclandre,esclandre,8,"(0, 1, 0)",1,9
épingards,épinards,épinards,7,"(0, 1, 0)",1,9
épaggneul,épagneul,épagneul,7,"(0, 1, 0)",1,9
engvirons,environs,environ,7,"(0, 1, 0)",1,9
envelgure,envergure,envergure,7,"(0, 1, 0)",1,9
ensembres,ensembles,ensemble,9,"(0, 1, 0)",1,9
ambitiong,ambition,ambition,7,"(0, 1, 0)",1,9
angalgame,amalgame,amalgamee,8,"(0, 1, 0)",1,9
aigwisait,aiguisait,aiguiser,9,"(0, 1, 0)",1,9
affyblait,affublait,affubler,9,"(0, 1, 0)",1,9
acqwiesça,acquiesça,acquiescer,9,"(0, 1, 0)",1,9
accognpli,accompli,accomplir,8,"(0, 1, 0)",1,9
accolegnt,accolent,accoler,8,"(0, 1, 0)",1,9
abholrant,abhorrant,abhorrer,7,"(0, 1, 0)",1,9
abasouldi,abasourdi,abasourdir,6,"(0, 1, 0)",1,9
engceinte,enceinte,enceinte,8,"(0, 1, 0)",1,9
égnussent,émussent,émouvoir,8,"(0, 1, 0)",1,9
empleinte,empreinte,empreinte,9,"(0, 1, 0)",1,9
égneraude,émeraude,émeraude,7,"(0, 1, 0)",1,9
egnbûches,embûches,embûches,8,"(0, 1, 0)",1,9
emblasure,embrasure,embrasure,7,"(0, 1, 0)",1,9
egnbargos,embargos,embargos,7,"(0, 1, 0)",1,9
éloquegnt,éloquent,éloquent,7,"(0, 1, 0)",1,9
éléphangt,éléphant,éléphant,8,"(0, 1, 0)",1,9
élastiqye,élastique,élastique,8,"(0, 1, 0)",1,9
éclevisse,écrevisse,écrevisse,9,"(0, 1, 0)",1,9
ingsolent,insolent,insolent,7,"(0, 1, 0)",1,9
ignhibant,inhibant,inhiber,8,"(0, 1, 0)",1,9
indwlgent,indulgent,indulgent,9,"(0, 1, 0)",1,9
igndigent,indigent,indigent,8,"(0, 1, 0)",1,9
ankylosel,ankyloser,ankyloser,7,"(0, 1, 0)",1,9
agngoisse,angoisse,angoisse,7,"(0, 1, 0)",1,9
amgnistie,amnistie,amnistie,7,"(0, 1, 0)",1,9
agnertume,amertume,amertume,7,"(0, 1, 0)",1,9
écoutirle,écoutille,écoutille,8,"(0, 1, 0)",1,9
ecchynose,ecchymose,ecchymose,8,"(0, 1, 0)",1,9
dyngastie,dynastie,dynastie,7,"(0, 1, 0)",1,9
doctringe,doctrine,doctrine,7,"(0, 1, 0)",1,9
distlaits,distraits,distraire,9,"(0, 1, 0)",1,9
remfrogna,renfrogna,renfrogner,7,"(0, 1, 0)",1,9
recélagnt,recélant,receler,8,"(0, 1, 0)",1,9
rebrowssa,rebroussa,rebrousser,7,"(0, 1, 0)",1,9
ratatingé,ratatiné,ratatiner,8,"(0, 1, 0)",1,9
distingct,distinct,distinct,8,"(0, 1, 0)",1,9
dispalate,disparate,disparate,9,"(0, 1, 0)",1,9
diplonate,diplomate,diplomate,8,"(0, 1, 0)",1,9
alrogeait,arrogeait,arroger,8,"(0, 1, 0)",1,9
approyvés,approuvés,approuvés,7,"(0, 1, 0)",1,9
approwves,approuves,approuves,7,"(0, 1, 0)",1,9
approwvée,approuvée,approuvée,7,"(0, 1, 0)",1,9
ignspecta,inspecta,inspecter,8,"(0, 1, 0)",1,9
dinosayre,dinosaure,dinosaure,6,"(0, 1, 0)",1,9
dimagnche,dimanche,dimanche,8,"(0, 1, 0)",1,9
difficire,difficile,difficile,9,"(0, 1, 0)",1,9
diapasong,diapason,diapason,8,"(0, 1, 0)",1,9
diagnètre,diamètre,diamètre,7,"(0, 1, 0)",1,9
diagonare,diagonale,diagonale,8,"(0, 1, 0)",1,9
détrinent,détriment,détriment,9,"(0, 1, 0)",1,9
despelado,desperado,desperado,9,"(0, 1, 0)",1,9
delrières,derrières,derrière,8,"(0, 1, 0)",1,9
dengtelle,dentelle,dentelle,7,"(0, 1, 0)",1,9
crwstacés,crustacés,crustacé,9,"(0, 1, 0)",1,9
bacheliel,bachelier,bachelier,7,"(0, 1, 0)",1,9
babirlant,babillant,babiller,8,"(0, 1, 0)",1,9
avengture,aventure,aventure,6,"(0, 1, 0)",1,9
attemtais,attentais,attentais,8,"(0, 1, 0)",1,9
astiqyait,astiquait,astiquer,8,"(0, 1, 0)",1,9
clocodile,crocodile,crocodile,8,"(0, 1, 0)",1,9
clevasses,crevasses,crevasse,9,"(0, 1, 0)",1,9
cressogns,cressons,cressons,7,"(0, 1, 0)",1,9
cragnpons,crampons,crampons,7,"(0, 1, 0)",1,9
couvelcle,couvercle,couvercle,8,"(0, 1, 0)",1,9
couvegnts,couvents,couvent,7,"(0, 1, 0)",1,9
bouirlais,bouillais,bouillir,7,"(0, 1, 0)",1,9
bognbarda,bombarda,bombe,6,"(0, 1, 0)",1,9
brasphème,blasphème,blasphème,8,"(0, 1, 0)",1,9
balricade,barricade,barricade,8,"(0, 1, 0)",1,9
barbotemt,barbotent,barboter,7,"(0, 1, 0)",1,9
bafouirla,bafouilla,bafouiller,7,"(0, 1, 0)",1,9
coyleuvre,couleuvre,couleuvre,6,"(0, 1, 0)",1,9
coltisone,cortisone,cortisone,7,"(0, 1, 0)",1,9
cormichon,cornichon,cornichon,7,"(0, 1, 0)",1,9
corgniaud,corniaud,corniaud,5,"(0, 1, 0)",1,9
colmorans,cormorans,cormorans,7,"(0, 1, 0)",1,9
corbeirle,corbeille,corbeille,8,"(0, 1, 0)",1,9
copylight,copyright,copyright,8,"(0, 1, 0)",1,9
résurtais,résultais,résulter,9,"(0, 1, 0)",1,9
lestreint,restreint,restreint,9,"(0, 1, 0)",1,9
lestaient,restaient,restaient,9,"(0, 1, 0)",1,9
léprouvés,réprouvés,réprouver,7,"(0, 1, 0)",1,9
congtexte,contexte,contexte,6,"(0, 1, 0)",1,9
carcinées,calcinées,calciner,9,"(0, 1, 0)",1,9
cairlerez,caillerez,caillerez,8,"(0, 1, 0)",1,9
igncitait,incitait,inciter,8,"(0, 1, 0)",1,9
igncendie,incendie,incendie,8,"(0, 1, 0)",1,9
cognstant,constant,constant,6,"(0, 1, 0)",1,9
comsonnes,consonnes,consonne,6,"(0, 1, 0)",1,9
consensys,consensus,consensus,6,"(0, 1, 0)",1,9
cognquête,conquête,conquérir/te,6,"(0, 1, 0)",1,9
congfetti,confetti,confetti,6,"(0, 1, 0)",1,9
cogncours,concours,concours,3,"(0, 1, 0)",1,9
concomble,concombre,concombre,5,"(0, 1, 0)",1,9
concielge,concierge,concierge,6,"(0, 1, 0)",1,9
complomet,compromet,compromettre,7,"(0, 1, 0)",1,9
cognpagne,compagne,compagne,7,"(0, 1, 0)",1,9
collysion,collusion,collusion,8,"(0, 1, 0)",1,9
corlision,collision,collision,8,"(0, 1, 0)",1,9
corlation,collation,collation,8,"(0, 1, 0)",1,9
humiriant,humiliant,humilier,9,"(0, 1, 0)",1,9
houspirla,houspilla,houspiller,8,"(0, 1, 0)",1,9
hélissait,hérissait,hérisser,9,"(0, 1, 0)",1,9
halcelais,harcelais,harceler,9,"(0, 1, 0)",1,9
harlucine,hallucine,halluciner,9,"(0, 1, 0)",1,9
catalogwe,catalogue,catalogue,7,"(0, 1, 0)",1,9
cangouflé,camouflé,camoufler,7,"(0, 1, 0)",1,9
séquestle,séquestre,séquestrer,8,"(0, 1, 0)",1,9
scurptait,sculptait,sculpter,9,"(0, 1, 0)",1,9
scagndait,scandait,scander,7,"(0, 1, 0)",1,9
rumignait,ruminait,ruminer,8,"(0, 1, 0)",1,9
rygissait,rugissait,rugir,9,"(0, 1, 0)",1,9
rugirognt,rugiront,rugiront,7,"(0, 1, 0)",1,9
rognflait,ronflait,ronfler,6,"(0, 1, 0)",1,9
rôdaiengt,rôdaient,rôder,8,"(0, 1, 0)",1,9
cohérengt,cohérent,cohérent,7,"(0, 1, 0)",1,9
cisairles,cisailles,cisailles,9,"(0, 1, 0)",1,9
chilurgie,chirurgie,chirurgie,8,"(0, 1, 0)",1,9
chavilait,chavirait,chavirer,9,"(0, 1, 0)",1,9
chalriais,charriais,charrier,9,"(0, 1, 0)",1,9
chalnière,charnière,charnière,8,"(0, 1, 0)",1,9
illusiogn,illusion,illusion,8,"(0, 1, 0)",1,9
criniques,cliniques,clinique,7,"(0, 1, 0)",1,9
cravicule,clavicule,clavicule,8,"(0, 1, 0)",1,9
classiqwe,classique,classique,8,"(0, 1, 0)",1,9
cicatlice,cicatrice,cicatrice,9,"(0, 1, 0)",1,9
choyettes,chouettes,chouette,8,"(0, 1, 0)",1,9
cogncorde,concorde,concorde,5,"(0, 1, 0)",1,9
cogncocté,concocté,concocter,5,"(0, 1, 0)",1,9
comcevais,concevais,concevoir,7,"(0, 1, 0)",1,9
congpatis,compatis,compatir,7,"(0, 1, 0)",1,9
compalait,comparait,comparer,8,"(0, 1, 0)",1,9
cognmunia,communia,communier,7,"(0, 1, 0)",1,9
cognmenta,commenta,commenter,7,"(0, 1, 0)",1,9
cognmença,commença,commencer,7,"(0, 1, 0)",1,9
commangde,commande,commande,7,"(0, 1, 0)",1,9
coingçait,coinçait,coincer,6,"(0, 1, 0)",1,9
chevrewil,chevreuil,chevreuil,8,"(0, 1, 0)",1,9
chélubins,chérubins,chérubins,9,"(0, 1, 0)",1,9
chaydière,chaudière,chaudière,8,"(0, 1, 0)",1,9
charognge,charogne,charogne,7,"(0, 1, 0)",1,9
challotte,charlotte,charlotte,8,"(0, 1, 0)",1,9
charratan,charlatan,charlatan,9,"(0, 1, 0)",1,9
chapiteaw,chapiteau,chapiteau,9,"(0, 1, 0)",1,9
comstitua,constitua,constituer,6,"(0, 1, 0)",1,9
constelné,consterné,consterner,6,"(0, 1, 0)",1,9
considéla,considéra,considérer,6,"(0, 1, 0)",1,9
cognserve,conserve,conserve,6,"(0, 1, 0)",1,9
congnecte,connecte,connecter,6,"(0, 1, 0)",1,9
conjyguer,conjuguer,conjuguer,4,"(0, 1, 0)",1,9
conflonté,confronté,confronter,6,"(0, 1, 0)",1,9
confélait,conférait,conférer,7,"(0, 1, 0)",1,9
chanderle,chandelle,chandelle,8,"(0, 1, 0)",1,9
champiogn,champion,champion,8,"(0, 1, 0)",1,9
changanes,chamanes,chaman,8,"(0, 1, 0)",1,9
chalwmeau,chalumeau,chalumeau,9,"(0, 1, 0)",1,9
cawchemar,cauchemar,cauchemar,8,"(0, 1, 0)",1,9
cweillait,cueillait,cueillir,9,"(0, 1, 0)",1,9
clépitait,crépitait,crépitait,9,"(0, 1, 0)",1,9
colrompre,corrompre,corrompre,6,"(0, 1, 0)",1,9
cognvoqua,convoqua,convoquer,4,"(0, 1, 0)",1,9
congverti,converti,convertir,6,"(0, 1, 0)",1,9
congverse,converse,converser,6,"(0, 1, 0)",1,9
comtraste,contraste,contraste,7,"(0, 1, 0)",1,9
contlacte,contracte,contracter,7,"(0, 1, 0)",1,9
catalacte,cataracte,cataracte,9,"(0, 1, 0)",1,9
cassouret,cassoulet,cassoulet,7,"(0, 1, 0)",1,9
casserore,casserole,casserole,8,"(0, 1, 0)",1,9
casengate,casemate,casemate,8,"(0, 1, 0)",1,9
cartoyche,cartouche,cartouche,7,"(0, 1, 0)",1,9
carrowsel,carrousel,carrousel,7,"(0, 1, 0)",1,9
carrefoyr,carrefour,carrefour,6,"(0, 1, 0)",1,9
carringue,carlingue,carlingue,8,"(0, 1, 0)",1,9
carillogn,carillon,carillon,8,"(0, 1, 0)",1,9
swpposais,supposais,supposer,8,"(0, 1, 0)",1,9
suffocamt,suffocant,suffoquer,8,"(0, 1, 0)",1,9
débwsquer,débusquer,débusquer,7,"(0, 1, 0)",1,9
gouraiemt,gouraient,gourer,8,"(0, 1, 0)",1,9
géngocide,génocide,génocide,7,"(0, 1, 0)",1,9
gémérique,générique,générique,7,"(0, 1, 0)",1,9
curtivait,cultivait,cultiver,9,"(0, 1, 0)",1,9
curinaire,culinaire,culinaire,8,"(0, 1, 0)",1,9
stlucture,structure,structure,7,"(0, 1, 0)",1,9
stipwlait,stipulait,stipuler,9,"(0, 1, 0)",1,9
souirlait,souillait,souiller,8,"(0, 1, 0)",1,9
sorlicite,sollicite,solliciter,8,"(0, 1, 0)",1,9
sitwaient,situaient,situer,9,"(0, 1, 0)",1,9
cardigang,cardigan,cardigan,8,"(0, 1, 0)",1,9
calavelle,caravelle,caravelle,9,"(0, 1, 0)",1,9
caravagne,caravane,caravane,8,"(0, 1, 0)",1,9
délogeait,dérogeait,déroger,8,"(0, 1, 0)",1,9
déprorait,déplorait,déplorer,8,"(0, 1, 0)",1,9
dérectait,délectait,délecter,9,"(0, 1, 0)",1,9
dégyisait,déguisait,déguiser,9,"(0, 1, 0)",1,9
déglingye,déglingue,déglinguer,8,"(0, 1, 0)",1,9
défourait,défoulait,défouler,8,"(0, 1, 0)",1,9
défarquer,défalquer,défalquer,7,"(0, 1, 0)",1,9
calactère,caractère,caractère,8,"(0, 1, 0)",1,9
capiteyse,capiteuse,capiteux,8,"(0, 1, 0)",1,9
cannibare,cannibale,cannibale,8,"(0, 1, 0)",1,9
camebière,canebière,canebière,7,"(0, 1, 0)",1,9
cagndidat,candidat,candidat,7,"(0, 1, 0)",1,9
campanire,campanile,campanile,9,"(0, 1, 0)",1,9
cagnpagne,campagne,campagne,8,"(0, 1, 0)",1,9
cangisole,camisole,camisole,7,"(0, 1, 0)",1,9
canembert,camembert,camembert,8,"(0, 1, 0)",1,9
cagnelote,camelote,camelote,7,"(0, 1, 0)",1,9
cangélias,camélias,camélias,8,"(0, 1, 0)",1,9
cagnbouis,cambouis,cambouis,6,"(0, 1, 0)",1,9
cagngotte,cagnotte,cagnotte,7,"(0, 1, 0)",1,9
cadegnces,cadences,cadence,8,"(0, 1, 0)",1,9
cachemile,cachemire,cachemire,8,"(0, 1, 0)",1,9
divagangt,divagant,divaguer,8,"(0, 1, 0)",1,9
distlibua,distribua,distribuer,8,"(0, 1, 0)",1,9
dissyader,dissuader,dissuader,8,"(0, 1, 0)",1,9
dissimura,dissimula,dissimuler,8,"(0, 1, 0)",1,9
diffélait,différait,différer,9,"(0, 1, 0)",1,9
détermime,détermine,déterminer,9,"(0, 1, 0)",1,9
désolmais,désormais,désormais,8,"(0, 1, 0)",1,9
cacahyète,cacahuète,cacahuète,8,"(0, 1, 0)",1,9
cabliolet,cabriolet,cabriolet,8,"(0, 1, 0)",1,9
byrlesque,burlesque,burlesque,7,"(0, 1, 0)",1,9
bugngalow,bungalow,bungalow,6,"(0, 1, 0)",1,9
burldozer,bulldozer,bulldozer,6,"(0, 1, 0)",1,9
brangcard,brancard,brancard,6,"(0, 1, 0)",1,9
blaguette,braguette,braguette,8,"(0, 1, 0)",1,9
bowteille,bouteille,bouteille,7,"(0, 1, 0)",1,9
bowrrique,bourrique,bourrique,6,"(0, 1, 0)",1,9
fusaiengt,fusaient,fuser,8,"(0, 1, 0)",1,9
furminait,fulminait,fulminer,9,"(0, 1, 0)",1,9
fromtière,frontière,frontière,6,"(0, 1, 0)",1,9
floissais,froissais,froisser,8,"(0, 1, 0)",1,9
frigngant,fringant,fringant,7,"(0, 1, 0)",1,9
flicotais,fricotais,fricoter,8,"(0, 1, 0)",1,9
foulvoyés,fourvoyés,fourvoyer,7,"(0, 1, 0)",1,9
dwsphorie,dysphorie,dysphorie,8,"(0, 1, 0)",1,9
boulgeron,bourgeron,bourgeron,6,"(0, 1, 0)",1,9
boulgeons,bourgeons,bourgeon,6,"(0, 1, 0)",1,9
bourevard,boulevard,boulevard,6,"(0, 1, 0)",1,9
bongbonne,bonbonne,bonbonne,4,"(0, 1, 0)",1,9
bobsreigh,bobsleigh,bobsleigh,7,"(0, 1, 0)",1,9
brockhaus,blockhaus,blockhaus,6,"(0, 1, 0)",1,9
bilboqwet,bilboquet,bilboquet,6,"(0, 1, 0)",1,9
besognges,besognes,besogne,7,"(0, 1, 0)",1,9
berringot,berlingot,berlingot,7,"(0, 1, 0)",1,9
empêtlait,empêtrait,empêtrer,9,"(0, 1, 0)",1,9
engpalait,empalait,empaler,8,"(0, 1, 0)",1,9
égnergées,émergées,emerger,8,"(0, 1, 0)",1,9
engbauche,embauche,embaucher,8,"(0, 1, 0)",1,9
engbarras,embarras,embarras,8,"(0, 1, 0)",1,9
engbardée,embardée,embarder,8,"(0, 1, 0)",1,9
écolchait,écorchait,écorcher,8,"(0, 1, 0)",1,9
bégnévole,bénévole,bénévole,5,"(0, 1, 0)",1,9
bégnéfice,bénéfice,bénéfice,6,"(0, 1, 0)",1,9
bégognias,bégonias,bégonias,6,"(0, 1, 0)",1,9
basirique,basilique,basilique,7,"(0, 1, 0)",1,9
éructangt,éructant,éructer,8,"(0, 1, 0)",1,9
éleintait,éreintait,éreinter,8,"(0, 1, 0)",1,9
équilible,équilibre,équilibre,8,"(0, 1, 0)",1,9
épouirlés,épouillés,épouillés,8,"(0, 1, 0)",1,9
épruchait,épluchait,éplucher,9,"(0, 1, 0)",1,9
entélinée,entérinée,entériner,9,"(0, 1, 0)",1,9
engseveli,enseveli,ensevelir,8,"(0, 1, 0)",1,9
engseigna,enseigna,enseigner,8,"(0, 1, 0)",1,9
encongbre,encombre,encombrer,6,"(0, 1, 0)",1,9
bangnière,bannière,bannière,5,"(0, 1, 0)",1,9
baldaquim,baldaquin,baldaquin,7,"(0, 1, 0)",1,9
bagaterle,bagatelle,bagatelle,8,"(0, 1, 0)",1,9
babowches,babouches,babouches,7,"(0, 1, 0)",1,9
avalamche,avalanche,avalanche,9,"(0, 1, 0)",1,9
aybépines,aubépines,aubépines,8,"(0, 1, 0)",1,9
attorgney,attorney,attorney,8,"(0, 1, 0)",1,9
altefacts,artefacts,artefacts,9,"(0, 1, 0)",1,9
arnistice,armistice,armistice,9,"(0, 1, 0)",1,9
excerlait,excellait,exceller,9,"(0, 1, 0)",1,9
exagélait,exagérait,exagérer,9,"(0, 1, 0)",1,9
étlennant,étrennant,étrenner,8,"(0, 1, 0)",1,9
étranggla,étrangla,étrangler,8,"(0, 1, 0)",1,9
étiqwette,étiquette,étiquette,9,"(0, 1, 0)",1,9
esquimter,esquinter,esquinter,8,"(0, 1, 0)",1,9
escagnoté,escamoté,escamoter,7,"(0, 1, 0)",1,9
appemdice,appendice,appendice,8,"(0, 1, 0)",1,9
agntilope,antilope,antilope,7,"(0, 1, 0)",1,9
anongalie,anomalie,anomalie,7,"(0, 1, 0)",1,9
agnguille,anguille,anguille,8,"(0, 1, 0)",1,9
flippagnt,flippant,flipper,8,"(0, 1, 0)",1,9
franquait,flanquait,flanquer,8,"(0, 1, 0)",1,9
faiggnant,faignant,faignant,8,"(0, 1, 0)",1,9
exultogns,exultons,exultons,7,"(0, 1, 0)",1,9
extelminé,exterminé,exterminer,9,"(0, 1, 0)",1,9
exprorais,explorais,explorer,8,"(0, 1, 0)",1,9
expricite,explicite,explicite,9,"(0, 1, 0)",1,9
exceptamt,exceptant,excepter,9,"(0, 1, 0)",1,9
tétaiengt,tétaient,téter,8,"(0, 1, 0)",1,9
tempélées,tempérées,tempérer,9,"(0, 1, 0)",1,9
swpputées,supputées,supputées,9,"(0, 1, 0)",1,9
anégnones,anémones,anémone,7,"(0, 1, 0)",1,9
angecdote,anecdote,anecdote,7,"(0, 1, 0)",1,9
andouirle,andouille,andouille,7,"(0, 1, 0)",1,9
angatomie,anatomie,anatomie,7,"(0, 1, 0)",1,9
angulette,amulette,amulette,8,"(0, 1, 0)",1,9
absingthe,absinthe,absinthe,7,"(0, 1, 0)",1,9
vardingue,valdingue,valdingue,8,"(0, 1, 0)",1,9
tourngois,tournois,tournois,6,"(0, 1, 0)",1,9
vemdanges,vendanges,vendanges,8,"(0, 1, 0)",1,9
véngérait,vénérait,vénérer,7,"(0, 1, 0)",1,9
vingaigre,vinaigre,vinaigre,6,"(0, 1, 0)",1,9
mahalajah,maharajah,maharajah,9,"(0, 1, 0)",1,9
volomtiers,volontiers,volontiers,7,"(0, 1, 0)",1,10
vilipemdés,vilipendés,vilipender,10,"(0, 1, 0)",1,10
veirlaient,veillaient,veiller,10,"(0, 1, 0)",1,10
vagntaient,vantaient,vanter,8,"(0, 1, 0)",1,10
vadrouirle,vadrouille,vadrouille,8,"(0, 1, 0)",1,10
trucidangt,trucidant,trucider,9,"(0, 1, 0)",1,10
trimbarait,trimbalait,trimbaler,10,"(0, 1, 0)",1,10
arlégories,allégories,allégorie,9,"(0, 1, 0)",1,10
acowstique,acoustique,acoustique,8,"(0, 1, 0)",1,10
accessoile,accessoire,accessoire,8,"(0, 1, 0)",1,10
foulnirons,fournirons,fournirons,7,"(0, 1, 0)",1,10
fogndement,fondement,fondement,7,"(0, 1, 0)",1,10
flanbaient,flambaient,flamber,10,"(0, 1, 0)",1,10
farfouirla,farfouilla,farfouiller,8,"(0, 1, 0)",1,10
exhibaiemt,exhibaient,exhiber,10,"(0, 1, 0)",1,10
exartaient,exaltaient,exalter,10,"(0, 1, 0)",1,10
évolyaient,évoluaient,évoluer,9,"(0, 1, 0)",1,10
épyisaient,épuisaient,épuiser,10,"(0, 1, 0)",1,10
épowsseter,épousseter,épousseter,8,"(0, 1, 0)",1,10
épangchant,épanchant,épancher,8,"(0, 1, 0)",1,10
engveloppe,enveloppe,enveloppe,8,"(0, 1, 0)",1,10
engtrechat,entrechat,entrechat,9,"(0, 1, 0)",1,10
emfreindre,enfreindre,enfreindre,9,"(0, 1, 0)",1,10
empifflais,empiffrais,empiffrer,9,"(0, 1, 0)",1,10
énganaient,émanaient,émaner,8,"(0, 1, 0)",1,10
écarqyille,écarquille,écarquiller,9,"(0, 1, 0)",1,10
gawssaient,gaussaient,gausser,10,"(0, 1, 0)",1,10
galvaydant,galvaudant,galvauder,9,"(0, 1, 0)",1,10
flacassant,fracassant,fracasser,10,"(0, 1, 0)",1,10
dolénavant,dorénavant,dorénavant,8,"(0, 1, 0)",1,10
divylguant,divulguant,divulguer,9,"(0, 1, 0)",1,10
dissertemt,dissertent,disserter,10,"(0, 1, 0)",1,10
dimignuait,diminuait,diminuer,8,"(0, 1, 0)",1,10
dirapidait,dilapidait,dilapider,10,"(0, 1, 0)",1,10
devemaient,devenaient,devenir,9,"(0, 1, 0)",1,10
déngonçait,dénonçait,dénoncer,7,"(0, 1, 0)",1,10
déglingola,dégringola,dégringoler,8,"(0, 1, 0)",1,10
décadengte,décadente,décadent,9,"(0, 1, 0)",1,10
gyillotine,guillotine,guillotine,9,"(0, 1, 0)",1,10
grigmotait,grignotait,grignoter,9,"(0, 1, 0)",1,10
griffongne,griffonne,griffonner,8,"(0, 1, 0)",1,10
griboyillé,gribouillé,gribouiller,8,"(0, 1, 0)",1,10
grésirlait,grésillait,grésiller,10,"(0, 1, 0)",1,10
gouvelnait,gouvernait,gouverner,9,"(0, 1, 0)",1,10
geigmaient,geignaient,geindre,9,"(0, 1, 0)",1,10
davagntage,davantage,davantage,8,"(0, 1, 0)",1,10
dagndinait,dandinait,dandiner,8,"(0, 1, 0)",1,10
culnginant,culminant,culminer,9,"(0, 1, 0)",1,10
clissaient,crissaient,crisser,10,"(0, 1, 0)",1,10
clispaient,crispaient,crisper,10,"(0, 1, 0)",1,10
contegnpla,contempla,contempler,7,"(0, 1, 0)",1,10
congratura,congratula,congratuler,7,"(0, 1, 0)",1,10
congfisque,confisque,confisquer,6,"(0, 1, 0)",1,10
complimait,comprimait,comprimer,9,"(0, 1, 0)",1,10
conmuniqua,communiqua,communiquer,7,"(0, 1, 0)",1,10
crinquants,clinquants,clinquant,9,"(0, 1, 0)",1,10
circongcit,circoncit,circoncire,8,"(0, 1, 0)",1,10
cignquante,cinquante,cinquante,8,"(0, 1, 0)",1,10
chatoyille,chatouille,chatouille,8,"(0, 1, 0)",1,10
hupothèque,hypothèque,hypothèque,8,"(0, 1, 0)",1,10
hiélarchie,hiérarchie,hiérarchie,10,"(0, 1, 0)",1,10
hégémognie,hégémonie,hégémonie,8,"(0, 1, 0)",1,10
hagntaient,hantaient,hanter,8,"(0, 1, 0)",1,10
chapaldait,chapardait,chaparder,10,"(0, 1, 0)",1,10
chamaillel,chamailler,chamailler,9,"(0, 1, 0)",1,10
cérangique,céramique,céramique,8,"(0, 1, 0)",1,10
cepengdant,cependant,cependant,8,"(0, 1, 0)",1,10
cerlophane,cellophane,cellophane,9,"(0, 1, 0)",1,10
caricatyre,caricature,caricature,8,"(0, 1, 0)",1,10
ignprovise,improvise,improviser,8,"(0, 1, 0)",1,10
ingprimait,imprimait,imprimer,9,"(0, 1, 0)",1,10
ingposteur,imposteur,imposteur,6,"(0, 1, 0)",1,10
impriquait,impliquait,impliquer,9,"(0, 1, 0)",1,10
impeccabre,impeccable,impeccable,10,"(0, 1, 0)",1,10
impassibre,impassible,impassible,10,"(0, 1, 0)",1,10
irlustrant,illustrant,illustrer,9,"(0, 1, 0)",1,10
bredoyille,bredouille,bredouille,7,"(0, 1, 0)",1,10
bracomnait,braconnait,braconner,7,"(0, 1, 0)",1,10
boursoufre,boursoufle,boursoufler,6,"(0, 1, 0)",1,10
boureversa,bouleversa,bouleverser,7,"(0, 1, 0)",1,10
bressaient,blessaient,blesser,9,"(0, 1, 0)",1,10
battaiengt,battaient,battre,8,"(0, 1, 0)",1,10
autolisait,autorisait,autoriser,9,"(0, 1, 0)",1,10
attengtion,attention,attention,8,"(0, 1, 0)",1,10
atlophiées,atrophiées,atrophier,9,"(0, 1, 0)",1,10
assiggnait,assignait,assigner,9,"(0, 1, 0)",1,10
alboraient,arboraient,arborer,8,"(0, 1, 0)",1,10
approwvons,approuvons,approuvons,8,"(0, 1, 0)",1,10
approwvant,approuvant,approuvant,8,"(0, 1, 0)",1,10
applouvait,approuvait,approuvait,8,"(0, 1, 0)",1,10
applivoisé,apprivoisé,apprivoiser,9,"(0, 1, 0)",1,10
ingculquer,inculquer,inculquer,7,"(0, 1, 0)",1,10
imcrustait,incrustait,incruster,9,"(0, 1, 0)",1,10
igncombait,incombait,incomber,8,"(0, 1, 0)",1,10
igncognito,incognito,incognito,8,"(0, 1, 0)",1,10
amesthésie,anesthésie,anesthésie,10,"(0, 1, 0)",1,10
affilmerai,affirmerai,affirmerai,9,"(0, 1, 0)",1,10
adoraiengt,adoraient,adorer,8,"(0, 1, 0)",1,10
violengtes,violentes,violent,8,"(0, 1, 0)",1,10
vaudevirle,vaudeville,vaudeville,10,"(0, 1, 0)",1,10
umiversité,université,université,9,"(0, 1, 0)",1,10
tungéfiées,tuméfiées,tuméfier,9,"(0, 1, 0)",1,10
tloglodyte,troglodyte,troglodyte,8,"(0, 1, 0)",1,10
ingvoquait,invoquait,invoquer,7,"(0, 1, 0)",1,10
inventaile,inventaire,inventaire,8,"(0, 1, 0)",1,10
igntuition,intuition,intuition,9,"(0, 1, 0)",1,10
intelprète,interprète,interprète/r,9,"(0, 1, 0)",1,10
interperla,interpella,interpeller,10,"(0, 1, 0)",1,10
igntention,intention,intention,8,"(0, 1, 0)",1,10
ingtendant,intendant,intendant,8,"(0, 1, 0)",1,10
tlaquenard,traquenard,traquenard,9,"(0, 1, 0)",1,10
tlansistor,transistor,transistor,8,"(0, 1, 0)",1,10
tranquirle,tranquille,tranquille,9,"(0, 1, 0)",1,10
tourbillom,tourbillon,tourbillon,9,"(0, 1, 0)",1,10
tintamalre,tintamarre,tintamarre,8,"(0, 1, 0)",1,10
testicyles,testicules,testicules,9,"(0, 1, 0)",1,10
tentacyles,tentacules,tentacules,8,"(0, 1, 0)",1,10
techmiques,techniques,techniques,8,"(0, 1, 0)",1,10
tagngentes,tangentes,tangentes,8,"(0, 1, 0)",1,10
tambouirle,tambouille,tambouille,8,"(0, 1, 0)",1,10
lwbrifient,lubrifient,lubrifier,9,"(0, 1, 0)",1,10
lamengtait,lamentait,lamenter,8,"(0, 1, 0)",1,10
jomchaient,jonchaient,joncher,8,"(0, 1, 0)",1,10
sypplément,supplément,supplément,10,"(0, 1, 0)",1,10
supelficie,superficie,superficie,10,"(0, 1, 0)",1,10
succursare,succursale,succursale,9,"(0, 1, 0)",1,10
swccinctes,succinctes,succinct,9,"(0, 1, 0)",1,10
sybjonctif,subjonctif,subjonctif,7,"(0, 1, 0)",1,10
stiggnates,stigmates,stigmates,9,"(0, 1, 0)",1,10
spectateul,spectateur,spectateur,8,"(0, 1, 0)",1,10
sourirengt,sourirent,sourirent,8,"(0, 1, 0)",1,10
somptweuse,somptueuse,somptueux,8,"(0, 1, 0)",1,10
sorennelle,solennelle,solennelle,8,"(0, 1, 0)",1,10
singylière,singulière,singulier,8,"(0, 1, 0)",1,10
shampoingg,shampoing,shampoing,8,"(0, 1, 0)",1,10
sentinerle,sentinelle,sentinelle,9,"(0, 1, 0)",1,10
sémapholes,sémaphores,sémaphores,9,"(0, 1, 0)",1,10
seclétaire,secrétaire,secrétaire,9,"(0, 1, 0)",1,10
maquirlait,maquillait,maquiller,10,"(0, 1, 0)",1,10
mangigance,manigance,manigance,8,"(0, 1, 0)",1,10
gnanifeste,manifeste,manifeste,8,"(0, 1, 0)",1,10
nagnifiais,magnifiais,magnifier,9,"(0, 1, 0)",1,10
maggnésium,magnésium,magnésium,7,"(0, 1, 0)",1,10
scarratine,scarlatine,scarlatine,10,"(0, 1, 0)",1,10
satisfaile,satisfaire,satisfaire,9,"(0, 1, 0)",1,10
salcophage,sarcophage,sarcophage,9,"(0, 1, 0)",1,10
salanandre,salamandre,salamandre,9,"(0, 1, 0)",1,10
rudingents,rudiments,rudiment,9,"(0, 1, 0)",1,10
ribanbelle,ribambelle,ribambelle,9,"(0, 1, 0)",1,10
rhimocéros,rhinocéros,rhinocéros,8,"(0, 1, 0)",1,10
lhétorique,rhétorique,rhétorique,8,"(0, 1, 0)",1,10
léverbères,réverbères,réverbère,9,"(0, 1, 0)",1,10
répubrique,république,république,9,"(0, 1, 0)",1,10
lépertoire,répertoire,répertoire,8,"(0, 1, 0)",1,10
renggaines,rengaines,rengaine,8,"(0, 1, 0)",1,10
référendym,référendum,référendum,9,"(0, 1, 0)",1,10
ngodifiait,modifiait,modifier,8,"(0, 1, 0)",1,10
léciproque,réciproque,réciproque,8,"(0, 1, 0)",1,10
lecevaient,recevaient,recevoir,10,"(0, 1, 0)",1,10
raboygries,rabougries,rabougries,8,"(0, 1, 0)",1,10
quiploquos,quiproquos,quiproquos,8,"(0, 1, 0)",1,10
quignconce,quinconce,quinconce,7,"(0, 1, 0)",1,10
qwelconque,quelconque,quelconque,8,"(0, 1, 0)",1,10
plovisoire,provisoire,provisoire,7,"(0, 1, 0)",1,10
plovidence,providence,providence,9,"(0, 1, 0)",1,10
propemsion,propension,propension,8,"(0, 1, 0)",1,10
prognostic,pronostic,pronostic,7,"(0, 1, 0)",1,10
plomouvoir,promouvoir,promouvoir,7,"(0, 1, 0)",1,10
prorétaire,prolétaire,prolétaire,8,"(0, 1, 0)",1,10
postélieur,postérieur,postérieur,7,"(0, 1, 0)",1,10
ngostalgie,nostalgie,nostalgie,8,"(0, 1, 0)",1,10
monobstant,nonobstant,nonobstant,8,"(0, 1, 0)",1,10
gnéanmoins,néanmoins,néanmoins,7,"(0, 1, 0)",1,10
gnouvaient,mouvaient,mouvoir,8,"(0, 1, 0)",1,10
morfomdait,morfondait,morfondre,8,"(0, 1, 0)",1,10
pissegnlit,pissenlit,pissenlit,9,"(0, 1, 0)",1,10
phiratélie,philatélie,philatélie,10,"(0, 1, 0)",1,10
phégnomène,phénomène,phénomène,8,"(0, 1, 0)",1,10
pervegnche,pervenche,pervenche,9,"(0, 1, 0)",1,10
pelspicace,perspicace,perspicace,10,"(0, 1, 0)",1,10
pegntecôte,pentecôte,pentecôte,8,"(0, 1, 0)",1,10
pawpiettes,paupiettes,paupiettes,10,"(0, 1, 0)",1,10
patlimoine,patrimoine,patrimoine,9,"(0, 1, 0)",1,10
paltenaire,partenaire,partenaire,9,"(0, 1, 0)",1,10
parpaigngs,parpaings,parpaings,9,"(0, 1, 0)",1,10
palenthèse,parenthèse,parenthèse,9,"(0, 1, 0)",1,10
palamètres,paramètres,paramètres,9,"(0, 1, 0)",1,10
papirlotes,papillotes,papillotes,9,"(0, 1, 0)",1,10
occulrence,occurrence,occurrence,9,"(0, 1, 0)",1,10
pairlettes,paillettes,paillette,10,"(0, 1, 0)",1,10
naphtarine,naphtaline,naphtaline,10,"(0, 1, 0)",1,10
musaraigme,musaraigne,musaraigne,10,"(0, 1, 0)",1,10
mocassigns,mocassins,mocassins,8,"(0, 1, 0)",1,10
ngidinette,midinette,midinette,8,"(0, 1, 0)",1,10
ngéthadone,méthadone,méthadone,8,"(0, 1, 0)",1,10
mélidienne,méridienne,méridienne,10,"(0, 1, 0)",1,10
melcenaire,mercenaire,mercenaire,9,"(0, 1, 0)",1,10
ménestlels,ménestrels,ménestrels,8,"(0, 1, 0)",1,10
ngarsouins,marsouins,marsouins,7,"(0, 1, 0)",1,10
ngarmelade,marmelade,marmelade,9,"(0, 1, 0)",1,10
marjoraine,marjolaine,marjolaine,8,"(0, 1, 0)",1,10
pelpétrait,perpétrait,perpétrer,9,"(0, 1, 0)",1,10
péliphérie,périphérie,périphérie,9,"(0, 1, 0)",1,10
pégnétrais,pénétrais,pénétrais,8,"(0, 1, 0)",1,10
patrowille,patrouille,patrouille,8,"(0, 1, 0)",1,10
manswétude,mansuétude,mansuétude,8,"(0, 1, 0)",1,10
gnanivelle,manivelle,manivelle,8,"(0, 1, 0)",1,10
mandibures,mandibules,mandibule,8,"(0, 1, 0)",1,10
magnganime,magnanime,magnanime,8,"(0, 1, 0)",1,10
gnacchabée,macchabée,macchabée,9,"(0, 1, 0)",1,10
lieytenant,lieutenant,lieutenant,10,"(0, 1, 0)",1,10
lendegnain,lendemain,lendemain,8,"(0, 1, 0)",1,10
légnuriens,lémuriens,lémuriens,9,"(0, 1, 0)",1,10
langternes,lanternes,lanterne,8,"(0, 1, 0)",1,10
introdyits,introduits,introduire,8,"(0, 1, 0)",1,10
ingterview,interview,interview,9,"(0, 1, 0)",1,10
intervarle,intervalle,intervalle,10,"(0, 1, 0)",1,10
plescience,prescience,prescience,10,"(0, 1, 0)",1,10
piaffaiemt,piaffaient,piaffer,10,"(0, 1, 0)",1,10
pelsévérer,persévérer,persévérer,9,"(0, 1, 0)",1,10
ingtellect,intellect,intellect,9,"(0, 1, 0)",1,10
imstrument,instrument,instrument,9,"(0, 1, 0)",1,10
ignnocents,innocents,innocent,8,"(0, 1, 0)",1,10
imgrédient,ingrédient,ingrédient,10,"(0, 1, 0)",1,10
ignférieur,inférieur,inférieur,7,"(0, 1, 0)",1,10
ingcidente,incidente,incident,9,"(0, 1, 0)",1,10
imcartades,incartades,incartades,10,"(0, 1, 0)",1,10
impressiom,impression,impression,10,"(0, 1, 0)",1,10
implésario,imprésario,imprésario,9,"(0, 1, 0)",1,10
implesario,impresario,impresario,9,"(0, 1, 0)",1,10
ignpétueux,impétueux,impétueux,8,"(0, 1, 0)",1,10
ignpératif,impératif,impératif,9,"(0, 1, 0)",1,10
immingente,imminente,imminent,8,"(0, 1, 0)",1,10
plofessons,professons,professer,8,"(0, 1, 0)",1,10
plofessait,professait,professait,9,"(0, 1, 0)",1,10
profangait,profanait,profane,8,"(0, 1, 0)",1,10
pléservait,préservait,préserver,10,"(0, 1, 0)",1,10
ingbroglio,imbroglio,imbroglio,8,"(0, 1, 0)",1,10
holtensias,hortensias,hortensias,8,"(0, 1, 0)",1,10
holocawste,holocauste,holocauste,8,"(0, 1, 0)",1,10
hécatongbe,hécatombe,hécatombe,8,"(0, 1, 0)",1,10
harlebarde,hallebarde,hallebarde,9,"(0, 1, 0)",1,10
guélillero,guérillero,guérillero,9,"(0, 1, 0)",1,10
gloseilles,groseilles,groseilles,9,"(0, 1, 0)",1,10
grenouirle,grenouille,grenouille,8,"(0, 1, 0)",1,10
granginées,graminées,graminées,9,"(0, 1, 0)",1,10
gourgnette,gourmette,gourmette,8,"(0, 1, 0)",1,10
gingegnbre,gingembre,gingembre,7,"(0, 1, 0)",1,10
gegntleman,gentleman,gentleman,8,"(0, 1, 0)",1,10
folmidable,formidable,formidable,9,"(0, 1, 0)",1,10
firmamengt,firmament,firmament,9,"(0, 1, 0)",1,10
fangtassin,fantassin,fantassin,8,"(0, 1, 0)",1,10
ragndonnée,randonnée,randonnée,7,"(0, 1, 0)",1,10
rachitiqwe,rachitique,rachitique,9,"(0, 1, 0)",1,10
prostitwée,prostituée,prostituer,8,"(0, 1, 0)",1,10
famtaisies,fantaisies,fantaisie,9,"(0, 1, 0)",1,10
extélieure,extérieure,extérieur,8,"(0, 1, 0)",1,10
excrénents,excréments,excrément,10,"(0, 1, 0)",1,10
évégnement,événement,évènement,8,"(0, 1, 0)",1,10
eycalyptus,eucalyptus,eucalyptus,9,"(0, 1, 0)",1,10
escogliffe,escogriffe,escogriffe,9,"(0, 1, 0)",1,10
escarpings,escarpins,escarpins,9,"(0, 1, 0)",1,10
escalatols,escalators,escalators,9,"(0, 1, 0)",1,10
egntretien,entretien,entretien,9,"(0, 1, 0)",1,10
entleprise,entreprise,entreprendre,9,"(0, 1, 0)",1,10
entlailles,entrailles,entrailles,10,"(0, 1, 0)",1,10
engplettes,emplettes,emplettes,9,"(0, 1, 0)",1,10
dysentelie,dysenterie,dysenterie,9,"(0, 1, 0)",1,10
regncontre,rencontre,rencontre,6,"(0, 1, 0)",1,10
reluquagnt,reluquant,reluquer,8,"(0, 1, 0)",1,10
disciprine,discipline,discipline,10,"(0, 1, 0)",1,10
dignension,dimension,dimension,8,"(0, 1, 0)",1,10
diagmostic,diagnostic,diagnostic,9,"(0, 1, 0)",1,10
dentiflice,dentifrice,dentifrice,8,"(0, 1, 0)",1,10
demoiserle,demoiselle,demoiselle,9,"(0, 1, 0)",1,10
défectiogn,défection,défection,9,"(0, 1, 0)",1,10
décognbres,décombres,décombres,8,"(0, 1, 0)",1,10
crépuscure,crépuscule,crépuscule,9,"(0, 1, 0)",1,10
colneilles,corneilles,corneilles,8,"(0, 1, 0)",1,10
corbirlard,corbillard,corbillard,8,"(0, 1, 0)",1,10
coqueruche,coqueluche,coqueluche,8,"(0, 1, 0)",1,10
contlaints,contraints,contraindre,8,"(0, 1, 0)",1,10
lestituait,restituait,restituer,9,"(0, 1, 0)",1,10
lessassait,ressassait,ressasser,10,"(0, 1, 0)",1,10
comtingent,contingent,contingent,8,"(0, 1, 0)",1,10
congtinent,continent,continent,7,"(0, 1, 0)",1,10
conséqyent,conséquent,conséquent,7,"(0, 1, 0)",1,10
congscient,conscient,conscient,7,"(0, 1, 0)",1,10
cogndition,condition,condition,7,"(0, 1, 0)",1,10
congcubine,concubine,concubine,7,"(0, 1, 0)",1,10
congputers,computers,computers,7,"(0, 1, 0)",1,10
conpresses,compresses,compresser,9,"(0, 1, 0)",1,10
complimemt,compliment,compliment,9,"(0, 1, 0)",1,10
cognpétent,compétent,compétent,8,"(0, 1, 0)",1,10
compatibre,compatible,compatible,9,"(0, 1, 0)",1,10
cognparses,comparses,comparse,8,"(0, 1, 0)",1,10
cognmotion,commotion,commotion,7,"(0, 1, 0)",1,10
conmissure,commissure,commissure,7,"(0, 1, 0)",1,10
levendique,revendique,revendiquer,8,"(0, 1, 0)",1,10
colimaçogn,colimaçon,colimaçon,8,"(0, 1, 0)",1,10
coccinerle,coccinelle,coccinelle,8,"(0, 1, 0)",1,10
crématites,clématites,clématites,10,"(0, 1, 0)",1,10
clamdestin,clandestin,clandestin,9,"(0, 1, 0)",1,10
citrowille,citrouille,citrouille,8,"(0, 1, 0)",1,10
cingetière,cimetière,cimetière,8,"(0, 1, 0)",1,10
chrysaride,chrysalide,chrysalide,10,"(0, 1, 0)",1,10
chowcroute,choucroute,choucroute,7,"(0, 1, 0)",1,10
chimpangzé,chimpanzé,chimpanzé,9,"(0, 1, 0)",1,10
cheftaimes,cheftaines,cheftaines,10,"(0, 1, 0)",1,10
charpegnte,charpente,charpente,9,"(0, 1, 0)",1,10
chanpignon,champignon,champignon,10,"(0, 1, 0)",1,10
champagnge,champagne,champagne,9,"(0, 1, 0)",1,10
cérégnonie,cérémonie,cérémonie,8,"(0, 1, 0)",1,10
cawstiques,caustiques,caustique,9,"(0, 1, 0)",1,10
cathédlale,cathédrale,cathédrale,9,"(0, 1, 0)",1,10
catégolies,catégories,catégorie,9,"(0, 1, 0)",1,10
supplimant,supprimant,supprimer,10,"(0, 1, 0)",1,10
suimtaient,suintaient,suinter,9,"(0, 1, 0)",1,10
cappuccimo,cappuccino,cappuccino,10,"(0, 1, 0)",1,10
capitaigne,capitaine,capitaine,9,"(0, 1, 0)",1,10
capharmaüm,capharnaüm,capharnaüm,10,"(0, 1, 0)",1,10
caowtchouc,caoutchouc,caoutchouc,7,"(0, 1, 0)",1,10
calembouls,calembours,calembours,7,"(0, 1, 0)",1,10
boulrasque,bourrasque,bourrasque,7,"(0, 1, 0)",1,10
bourgognge,bourgogne,bourgogne,6,"(0, 1, 0)",1,10
borcheviks,bolcheviks,bolchevik,8,"(0, 1, 0)",1,10
beaujorais,beaujolais,beaujolais,7,"(0, 1, 0)",1,10
auxiliaile,auxiliaire,auxiliaire,9,"(0, 1, 0)",1,10
altichauts,artichauts,artichaut,9,"(0, 1, 0)",1,10
alchitecte,architecte,architecte,10,"(0, 1, 0)",1,10
apocarypse,apocalypse,apocalypse,9,"(0, 1, 0)",1,10
angimosité,animosité,animosité,8,"(0, 1, 0)",1,10
tlifouille,trifouille,trifouille,8,"(0, 1, 0)",1,10
tortirlais,tortillais,tortiller,9,"(0, 1, 0)",1,10
sustengtés,sustentés,sustenter,9,"(0, 1, 0)",1,10
anévlismes,anévrismes,anévrisme,10,"(0, 1, 0)",1,10
